episode_reward_max,episode_reward_min,episode_reward_mean,episode_len_mean,episodes_this_iter,num_healthy_workers,timesteps_total,timesteps_this_iter,agent_timesteps_total,done,episodes_total,training_iteration,trial_id,experiment_id,date,timestamp,time_this_iter_s,time_total_s,pid,hostname,node_ip,time_since_restore,timesteps_since_restore,iterations_since_restore,hist_stats/episode_reward,hist_stats/episode_lengths,sampler_perf/mean_raw_obs_processing_ms,sampler_perf/mean_inference_ms,sampler_perf/mean_action_processing_ms,sampler_perf/mean_env_wait_ms,sampler_perf/mean_env_render_ms,timers/sample_time_ms,timers/sample_throughput,timers/load_time_ms,timers/load_throughput,timers/learn_time_ms,timers/learn_throughput,info/num_steps_sampled,info/num_agent_steps_sampled,info/num_steps_trained,info/num_agent_steps_trained,perf/cpu_util_percent,perf/ram_util_percent,info/learner/default_policy/learner_stats/cur_kl_coeff,info/learner/default_policy/learner_stats/cur_lr,info/learner/default_policy/learner_stats/total_loss,info/learner/default_policy/learner_stats/policy_loss,info/learner/default_policy/learner_stats/vf_loss,info/learner/default_policy/learner_stats/vf_explained_var,info/learner/default_policy/learner_stats/kl,info/learner/default_policy/learner_stats/entropy,info/learner/default_policy/learner_stats/entropy_coeff
-134.9,-1144.7000000000003,-363.13000000000005,99.0,40,0,4000,0,4000,False,40,1,61a39_00000,fa5281b6df9d41fa84f7769d0f97e113,2022-01-24_12-45-06,1643028306,19.712764739990234,19.712764739990234,6197,MAC-ATI0602,127.0.0.1,19.712764739990234,0,1,"[-193.9, -356.79999999999984, -543.7000000000014, -232.6, -441.5, -609.2, -200.6, -291.8999999999998, -390.2, -422.6, -174.79999999999984, -200.00000000000003, -447.30000000000035, -287.4, -1144.7000000000003, -170.2999999999999, -657.2, -173.3, -224.89999999999975, -291.0999999999999, -198.5, -175.3, -193.09999999999974, -239.5999999999996, -1082.2, -849.7000000000014, -152.8, -419.69999999999993, -638.7, -204.7999999999997, -391.6, -198.2, -134.9, -204.8, -229.9, -152.6, -384.9, -172.5, -577.1999999999999, -470.2]","[99, 99, 99, 99, 99, 99, 99, 99, 99, 99, 99, 99, 99, 99, 99, 99, 99, 99, 99, 99, 99, 99, 99, 99, 99, 99, 99, 99, 99, 99, 99, 99, 99, 99, 99, 99, 99, 99, 99, 99]",0.47081674643976335,0.9999204295720199,0.06854251097870064,2.9022782422756737,0.0,17801.94,224.695,0.222,18020640.172,1909.253,2095.06,4000,4000,4000,4000,23.42068965517242,64.82758620689657,0.20000000298023224,9.999999747378752e-05,236.38495,-0.018917674,23639.896,-0.0020419261,0.0245161,3.6892133,0.0
-134.9,-1144.7000000000003,-377.77375,99.0,40,0,8000,0,8000,False,80,2,61a39_00000,fa5281b6df9d41fa84f7769d0f97e113,2022-01-24_12-45-23,1643028323,17.314571142196655,37.02733588218689,6197,MAC-ATI0602,127.0.0.1,37.02733588218689,0,2,"[-193.9, -356.79999999999984, -543.7000000000014, -232.6, -441.5, -609.2, -200.6, -291.8999999999998, -390.2, -422.6, -174.79999999999984, -200.00000000000003, -447.30000000000035, -287.4, -1144.7000000000003, -170.2999999999999, -657.2, -173.3, -224.89999999999975, -291.0999999999999, -198.5, -175.3, -193.09999999999974, -239.5999999999996, -1082.2, -849.7000000000014, -152.8, -419.69999999999993, -638.7, -204.7999999999997, -391.6, -198.2, -134.9, -204.8, -229.9, -152.6, -384.9, -172.5, -577.1999999999999, -470.2, -257.6, -244.89999999999992, -438.9, -986.2, -487.5, -678.3000000000004, -555.3, -168.8, -701.2000000000006, -803.5, -149.4, -241.89999999999998, -272.79999999999967, -205.20000000000002, -198.3, -180.20000000000002, -712.5, -498.5000000000002, -442.5999999999999, -507.2000000000002, -289.1999999999997, -1036.8999999999999, -410.3000000000001, -432.6000000000003, -468.6, -838.7, -266.5, -197.0, -164.9999999999999, -163.70000000000002, -239.39999999999995, -558.7, -330.49999999999983, -367.5999999999999, -135.40000000000003, -219.99999999999986, -276.39999999999986, -221.4, -156.60000000000002, -191.39999999999995]","[99, 99, 99, 99, 99, 99, 99, 99, 99, 99, 99, 99, 99, 99, 99, 99, 99, 99, 99, 99, 99, 99, 99, 99, 99, 99, 99, 99, 99, 99, 99, 99, 99, 99, 99, 99, 99, 99, 99, 99, 99, 99, 99, 99, 99, 99, 99, 99, 99, 99, 99, 99, 99, 99, 99, 99, 99, 99, 99, 99, 99, 99, 99, 99, 99, 99, 99, 99, 99, 99, 99, 99, 99, 99, 99, 99, 99, 99, 99, 99]",0.46340060182573584,0.9756178997996949,0.06643820088876115,2.8018306866801743,0.0,17690.979,226.104,0.216,18477110.132,1793.205,2230.642,8000,8000,8000,8000,20.945833333333333,64.82916666666667,0.30000001192092896,9.999999747378752e-05,297.65048,-0.014941114,29765.91,-0.0015041305,0.02113869,3.651336,0.0
-134.9,-1082.2,-334.81600000000003,99.0,41,0,12000,0,12000,False,121,3,61a39_00000,fa5281b6df9d41fa84f7769d0f97e113,2022-01-24_12-45-44,1643028344,20.615939140319824,57.643275022506714,6197,MAC-ATI0602,127.0.0.1,57.643275022506714,0,3,"[-175.3, -193.09999999999974, -239.5999999999996, -1082.2, -849.7000000000014, -152.8, -419.69999999999993, -638.7, -204.7999999999997, -391.6, -198.2, -134.9, -204.8, -229.9, -152.6, -384.9, -172.5, -577.1999999999999, -470.2, -257.6, -244.89999999999992, -438.9, -986.2, -487.5, -678.3000000000004, -555.3, -168.8, -701.2000000000006, -803.5, -149.4, -241.89999999999998, -272.79999999999967, -205.20000000000002, -198.3, -180.20000000000002, -712.5, -498.5000000000002, -442.5999999999999, -507.2000000000002, -289.1999999999997, -1036.8999999999999, -410.3000000000001, -432.6000000000003, -468.6, -838.7, -266.5, -197.0, -164.9999999999999, -163.70000000000002, -239.39999999999995, -558.7, -330.49999999999983, -367.5999999999999, -135.40000000000003, -219.99999999999986, -276.39999999999986, -221.4, -156.60000000000002, -191.39999999999995, -483.7000000000014, -188.8, -174.0, -165.5, -228.0, -305.3, -345.5, -515.3000000000002, -197.9, -216.10000000000002, -201.5, -182.1, -205.9, -179.3, -150.80000000000004, -194.20000000000002, -183.6999999999998, -179.3, -242.2, -181.80000000000004, -237.4, -282.7, -208.1, -225.59999999999988, -200.69999999999962, -179.69999999999982, -460.60000000000144, -478.20000000000016, -183.4, -210.79999999999978, -588.6, -190.2, -222.60000000000002, -329.2, -311.6, -273.6, -524.2, -270.6999999999998, -443.8999999999999, -182.8, -186.7]","[99, 99, 99, 99, 99, 99, 99, 99, 99, 99, 99, 99, 99, 99, 99, 99, 99, 99, 99, 99, 99, 99, 99, 99, 99, 99, 99, 99, 99, 99, 99, 99, 99, 99, 99, 99, 99, 99, 99, 99, 99, 99, 99, 99, 99, 99, 99, 99, 99, 99, 99, 99, 99, 99, 99, 99, 99, 99, 99, 99, 99, 99, 99, 99, 99, 99, 99, 99, 99, 99, 99, 99, 99, 99, 99, 99, 99, 99, 99, 99, 99, 99, 99, 99, 99, 99, 99, 99, 99, 99, 99, 99, 99, 99, 99, 99, 99, 99, 99, 99]",0.467384438626748,0.9730671368190761,0.0660483783553986,2.7849524769012213,0.0,18589.449,215.176,0.248,16111282.971,1837.667,2176.673,12000,12000,12000,12000,24.510344827586206,65.05172413793105,0.44999998807907104,9.999999747378752e-05,82.635155,-0.015112701,8264.202,-0.00060582696,0.018332286,3.6217804,0.0
-135.40000000000003,-1036.8999999999999,-266.763,99.0,40,0,16000,0,16000,False,161,4,61a39_00000,fa5281b6df9d41fa84f7769d0f97e113,2022-01-24_12-46-01,1643028361,17.652910947799683,75.2961859703064,6197,MAC-ATI0602,127.0.0.1,75.2961859703064,0,4,"[-1036.8999999999999, -410.3000000000001, -432.6000000000003, -468.6, -838.7, -266.5, -197.0, -164.9999999999999, -163.70000000000002, -239.39999999999995, -558.7, -330.49999999999983, -367.5999999999999, -135.40000000000003, -219.99999999999986, -276.39999999999986, -221.4, -156.60000000000002, -191.39999999999995, -483.7000000000014, -188.8, -174.0, -165.5, -228.0, -305.3, -345.5, -515.3000000000002, -197.9, -216.10000000000002, -201.5, -182.1, -205.9, -179.3, -150.80000000000004, -194.20000000000002, -183.6999999999998, -179.3, -242.2, -181.80000000000004, -237.4, -282.7, -208.1, -225.59999999999988, -200.69999999999962, -179.69999999999982, -460.60000000000144, -478.20000000000016, -183.4, -210.79999999999978, -588.6, -190.2, -222.60000000000002, -329.2, -311.6, -273.6, -524.2, -270.6999999999998, -443.8999999999999, -182.8, -186.7, -244.7, -257.8, -210.8, -183.20000000000002, -172.69999999999982, -163.3, -237.7, -196.49999999999991, -218.4, -481.4, -191.2, -178.3, -152.5, -168.2, -158.8, -205.7, -202.8, -186.3, -189.7, -308.3, -137.8, -181.2, -177.10000000000002, -178.9999999999999, -284.6, -463.4, -689.9, -145.4, -211.9, -208.19999999999993, -323.9, -202.2, -182.8, -187.20000000000002, -273.6, -151.1, -218.29999999999993, -197.19999999999993, -192.5, -171.8]","[99, 99, 99, 99, 99, 99, 99, 99, 99, 99, 99, 99, 99, 99, 99, 99, 99, 99, 99, 99, 99, 99, 99, 99, 99, 99, 99, 99, 99, 99, 99, 99, 99, 99, 99, 99, 99, 99, 99, 99, 99, 99, 99, 99, 99, 99, 99, 99, 99, 99, 99, 99, 99, 99, 99, 99, 99, 99, 99, 99, 99, 99, 99, 99, 99, 99, 99, 99, 99, 99, 99, 99, 99, 99, 99, 99, 99, 99, 99, 99, 99, 99, 99, 99, 99, 99, 99, 99, 99, 99, 99, 99, 99, 99, 99, 99, 99, 99, 99, 99]",0.4680956289784901,0.970241402759048,0.06536986053219447,2.7583542546588107,0.0,18329.763,218.224,0.294,13593045.169,1890.594,2115.737,16000,16000,16000,16000,19.72,64.824,0.44999998807907104,9.999999747378752e-05,40.855072,-0.009461232,4085.8035,-0.0008849363,0.014438748,3.6135416,0.0
-137.8,-794.0,-247.64700000000002,99.0,41,0,20000,0,20000,False,202,5,61a39_00000,fa5281b6df9d41fa84f7769d0f97e113,2022-01-24_12-46-19,1643028379,17.90497589111328,93.20116186141968,6197,MAC-ATI0602,127.0.0.1,93.20116186141968,0,5,"[-208.1, -225.59999999999988, -200.69999999999962, -179.69999999999982, -460.60000000000144, -478.20000000000016, -183.4, -210.79999999999978, -588.6, -190.2, -222.60000000000002, -329.2, -311.6, -273.6, -524.2, -270.6999999999998, -443.8999999999999, -182.8, -186.7, -244.7, -257.8, -210.8, -183.20000000000002, -172.69999999999982, -163.3, -237.7, -196.49999999999991, -218.4, -481.4, -191.2, -178.3, -152.5, -168.2, -158.8, -205.7, -202.8, -186.3, -189.7, -308.3, -137.8, -181.2, -177.10000000000002, -178.9999999999999, -284.6, -463.4, -689.9, -145.4, -211.9, -208.19999999999993, -323.9, -202.2, -182.8, -187.20000000000002, -273.6, -151.1, -218.29999999999993, -197.19999999999993, -192.5, -171.8, -199.20000000000002, -165.4, -169.29999999999967, -158.4, -166.9, -180.3, -637.6, -198.39999999999992, -401.8, -269.9, -191.5, -187.3, -389.4, -794.0, -158.8, -381.2, -309.4, -172.19999999999993, -194.20000000000002, -191.5, -168.99999999999991, -148.8, -182.8, -178.5, -172.3, -159.5, -176.3, -189.7, -145.40000000000003, -227.7, -172.39999999999998, -660.8, -206.29999999999998, -174.5, -169.69999999999987, -176.8, -165.90000000000003, -145.60000000000002, -173.29999999999978, -155.69999999999973, -538.4]","[99, 99, 99, 99, 99, 99, 99, 99, 99, 99, 99, 99, 99, 99, 99, 99, 99, 99, 99, 99, 99, 99, 99, 99, 99, 99, 99, 99, 99, 99, 99, 99, 99, 99, 99, 99, 99, 99, 99, 99, 99, 99, 99, 99, 99, 99, 99, 99, 99, 99, 99, 99, 99, 99, 99, 99, 99, 99, 99, 99, 99, 99, 99, 99, 99, 99, 99, 99, 99, 99, 99, 99, 99, 99, 99, 99, 99, 99, 99, 99, 99, 99, 99, 99, 99, 99, 99, 99, 99, 99, 99, 99, 99, 99, 99, 99, 99, 99, 99, 99]",0.465740698365069,0.9653853528877534,0.06466909479562959,2.7318658643087796,0.0,18264.148,219.008,0.316,12642966.089,1906.828,2097.725,20000,20000,20000,20000,20.565384615384616,64.6,0.44999998807907104,9.999999747378752e-05,90.57495,-0.012349811,9057.907,-0.0002731688,0.018261133,3.5890012,0.0
-145.4,-794.0,-230.047,99.0,40,0,24000,0,24000,False,242,6,61a39_00000,fa5281b6df9d41fa84f7769d0f97e113,2022-01-24_12-46-39,1643028399,19.34832215309143,112.54948401451111,6197,MAC-ATI0602,127.0.0.1,112.54948401451111,0,6,"[-181.2, -177.10000000000002, -178.9999999999999, -284.6, -463.4, -689.9, -145.4, -211.9, -208.19999999999993, -323.9, -202.2, -182.8, -187.20000000000002, -273.6, -151.1, -218.29999999999993, -197.19999999999993, -192.5, -171.8, -199.20000000000002, -165.4, -169.29999999999967, -158.4, -166.9, -180.3, -637.6, -198.39999999999992, -401.8, -269.9, -191.5, -187.3, -389.4, -794.0, -158.8, -381.2, -309.4, -172.19999999999993, -194.20000000000002, -191.5, -168.99999999999991, -148.8, -182.8, -178.5, -172.3, -159.5, -176.3, -189.7, -145.40000000000003, -227.7, -172.39999999999998, -660.8, -206.29999999999998, -174.5, -169.69999999999987, -176.8, -165.90000000000003, -145.60000000000002, -173.29999999999978, -155.69999999999973, -538.4, -180.2999999999999, -164.9, -188.0999999999996, -306.0, -236.1, -158.5, -185.3, -159.10000000000002, -169.19999999999987, -178.09999999999997, -206.99999999999983, -185.69999999999965, -333.7000000000006, -194.1, -196.2, -172.6, -176.6999999999997, -188.89999999999992, -171.9, -169.3, -197.9, -175.0, -207.6999999999998, -199.89999999999998, -176.70000000000002, -230.7999999999998, -404.3, -149.7, -370.0999999999999, -206.69999999999962, -186.59999999999997, -398.09999999999997, -182.8999999999998, -183.2, -193.79999999999984, -176.7, -159.4, -145.7, -149.7, -340.69999999999993]","[99, 99, 99, 99, 99, 99, 99, 99, 99, 99, 99, 99, 99, 99, 99, 99, 99, 99, 99, 99, 99, 99, 99, 99, 99, 99, 99, 99, 99, 99, 99, 99, 99, 99, 99, 99, 99, 99, 99, 99, 99, 99, 99, 99, 99, 99, 99, 99, 99, 99, 99, 99, 99, 99, 99, 99, 99, 99, 99, 99, 99, 99, 99, 99, 99, 99, 99, 99, 99, 99, 99, 99, 99, 99, 99, 99, 99, 99, 99, 99, 99, 99, 99, 99, 99, 99, 99, 99, 99, 99, 99, 99, 99, 99, 99, 99, 99, 99, 99, 99]",0.4622596635340217,0.9620770992774061,0.06419922079043518,2.713790554974277,0.0,18506.327,216.142,0.299,13393200.639,1870.085,2138.94,24000,24000,24000,24000,24.10740740740741,65.0185185185185,0.44999998807907104,9.999999747378752e-05,20.434586,-0.014590388,2044.3002,-0.00010313302,0.013719189,3.5565507,0.0
-130.70000000000002,-660.8,-199.9459999999999,99.0,40,0,28000,0,28000,False,282,7,61a39_00000,fa5281b6df9d41fa84f7769d0f97e113,2022-01-24_12-46-57,1643028417,18.207050323486328,130.75653433799744,6197,MAC-ATI0602,127.0.0.1,130.75653433799744,0,7,"[-148.8, -182.8, -178.5, -172.3, -159.5, -176.3, -189.7, -145.40000000000003, -227.7, -172.39999999999998, -660.8, -206.29999999999998, -174.5, -169.69999999999987, -176.8, -165.90000000000003, -145.60000000000002, -173.29999999999978, -155.69999999999973, -538.4, -180.2999999999999, -164.9, -188.0999999999996, -306.0, -236.1, -158.5, -185.3, -159.10000000000002, -169.19999999999987, -178.09999999999997, -206.99999999999983, -185.69999999999965, -333.7000000000006, -194.1, -196.2, -172.6, -176.6999999999997, -188.89999999999992, -171.9, -169.3, -197.9, -175.0, -207.6999999999998, -199.89999999999998, -176.70000000000002, -230.7999999999998, -404.3, -149.7, -370.0999999999999, -206.69999999999962, -186.59999999999997, -398.09999999999997, -182.8999999999998, -183.2, -193.79999999999984, -176.7, -159.4, -145.7, -149.7, -340.69999999999993, -171.3999999999998, -183.9, -152.69999999999973, -168.69999999999973, -193.39999999999972, -175.20000000000002, -176.3, -171.1, -213.99999999999991, -171.49999999999983, -178.39999999999984, -195.79999999999993, -174.7, -214.6, -188.20000000000002, -156.7, -201.1, -177.70000000000002, -347.7, -142.8, -174.19999999999976, -186.70000000000002, -163.4, -187.4999999999998, -190.89999999999998, -203.6999999999996, -130.70000000000002, -150.80000000000004, -136.5, -186.69999999999973, -171.9, -169.39999999999998, -202.69999999999965, -171.19999999999973, -175.3, -202.8, -184.6, -160.20000000000002, -168.8, -242.99999999999991]","[99, 99, 99, 99, 99, 99, 99, 99, 99, 99, 99, 99, 99, 99, 99, 99, 99, 99, 99, 99, 99, 99, 99, 99, 99, 99, 99, 99, 99, 99, 99, 99, 99, 99, 99, 99, 99, 99, 99, 99, 99, 99, 99, 99, 99, 99, 99, 99, 99, 99, 99, 99, 99, 99, 99, 99, 99, 99, 99, 99, 99, 99, 99, 99, 99, 99, 99, 99, 99, 99, 99, 99, 99, 99, 99, 99, 99, 99, 99, 99, 99, 99, 99, 99, 99, 99, 99, 99, 99, 99, 99, 99, 99, 99, 99, 99, 99, 99, 99, 99]",0.4610625448799331,0.962443642387049,0.06411301766681601,2.7151933831366954,0.0,18462.299,216.658,0.286,13979349.125,1847.958,2164.551,28000,28000,28000,28000,23.138461538461538,64.9346153846154,0.44999998807907104,9.999999747378752e-05,17.519306,-0.01434669,1752.7672,-2.2425895e-05,0.013289922,3.5346794,0.0
-130.70000000000002,-404.3,-190.43199999999993,99.0,41,0,32000,0,32000,False,323,8,61a39_00000,fa5281b6df9d41fa84f7769d0f97e113,2022-01-24_12-47-14,1643028434,17.308277130126953,148.0648114681244,6197,MAC-ATI0602,127.0.0.1,148.0648114681244,0,8,"[-175.0, -207.6999999999998, -199.89999999999998, -176.70000000000002, -230.7999999999998, -404.3, -149.7, -370.0999999999999, -206.69999999999962, -186.59999999999997, -398.09999999999997, -182.8999999999998, -183.2, -193.79999999999984, -176.7, -159.4, -145.7, -149.7, -340.69999999999993, -171.3999999999998, -183.9, -152.69999999999973, -168.69999999999973, -193.39999999999972, -175.20000000000002, -176.3, -171.1, -213.99999999999991, -171.49999999999983, -178.39999999999984, -195.79999999999993, -174.7, -214.6, -188.20000000000002, -156.7, -201.1, -177.70000000000002, -347.7, -142.8, -174.19999999999976, -186.70000000000002, -163.4, -187.4999999999998, -190.89999999999998, -203.6999999999996, -130.70000000000002, -150.80000000000004, -136.5, -186.69999999999973, -171.9, -169.39999999999998, -202.69999999999965, -171.19999999999973, -175.3, -202.8, -184.6, -160.20000000000002, -168.8, -242.99999999999991, -347.1, -181.69999999999968, -186.2999999999999, -221.89999999999975, -142.8, -157.49999999999994, -145.60000000000002, -160.69999999999965, -172.10000000000002, -183.29999999999984, -184.70000000000005, -227.3, -147.59999999999997, -168.1999999999997, -167.5, -173.90000000000003, -171.29999999999984, -168.9, -191.69999999999965, -141.59999999999997, -160.7, -177.99999999999983, -158.70000000000005, -326.0999999999999, -161.6, -145.70000000000002, -176.69999999999962, -178.5999999999998, -194.7, -161.8, -162.6, -208.39999999999992, -192.69999999999962, -169.70000000000005, -174.29999999999993, -186.29999999999998, -180.59999999999997, -149.90000000000003, -216.29999999999998, -160.8999999999997, -202.59999999999965]","[99, 99, 99, 99, 99, 99, 99, 99, 99, 99, 99, 99, 99, 99, 99, 99, 99, 99, 99, 99, 99, 99, 99, 99, 99, 99, 99, 99, 99, 99, 99, 99, 99, 99, 99, 99, 99, 99, 99, 99, 99, 99, 99, 99, 99, 99, 99, 99, 99, 99, 99, 99, 99, 99, 99, 99, 99, 99, 99, 99, 99, 99, 99, 99, 99, 99, 99, 99, 99, 99, 99, 99, 99, 99, 99, 99, 99, 99, 99, 99, 99, 99, 99, 99, 99, 99, 99, 99, 99, 99, 99, 99, 99, 99, 99, 99, 99, 99, 99, 99]",0.4578011452942349,0.9586851720236607,0.06370390837299916,2.705432283868779,0.0,18287.096,218.733,0.289,13829750.438,1864.677,2145.144,32000,32000,32000,32000,20.616,64.884,0.44999998807907104,9.999999747378752e-05,13.786771,-0.00790018,1378.8877,6.953811e-06,0.012878064,3.486446,0.0
-124.2,-347.1,-180.57099999999994,99.0,40,0,36000,0,36000,False,363,9,61a39_00000,fa5281b6df9d41fa84f7769d0f97e113,2022-01-24_12-47-31,1643028451,16.810675859451294,164.87548732757568,6197,MAC-ATI0602,127.0.0.1,164.87548732757568,0,9,"[-186.70000000000002, -163.4, -187.4999999999998, -190.89999999999998, -203.6999999999996, -130.70000000000002, -150.80000000000004, -136.5, -186.69999999999973, -171.9, -169.39999999999998, -202.69999999999965, -171.19999999999973, -175.3, -202.8, -184.6, -160.20000000000002, -168.8, -242.99999999999991, -347.1, -181.69999999999968, -186.2999999999999, -221.89999999999975, -142.8, -157.49999999999994, -145.60000000000002, -160.69999999999965, -172.10000000000002, -183.29999999999984, -184.70000000000005, -227.3, -147.59999999999997, -168.1999999999997, -167.5, -173.90000000000003, -171.29999999999984, -168.9, -191.69999999999965, -141.59999999999997, -160.7, -177.99999999999983, -158.70000000000005, -326.0999999999999, -161.6, -145.70000000000002, -176.69999999999962, -178.5999999999998, -194.7, -161.8, -162.6, -208.39999999999992, -192.69999999999962, -169.70000000000005, -174.29999999999993, -186.29999999999998, -180.59999999999997, -149.90000000000003, -216.29999999999998, -160.8999999999997, -202.59999999999965, -164.1, -152.69999999999973, -167.60000000000002, -177.3, -157.90000000000003, -275.7, -160.00000000000003, -157.9, -188.5, -146.5999999999998, -154.19999999999993, -168.4, -185.4, -165.99999999999986, -198.6, -158.7, -170.3999999999999, -181.0, -151.59999999999982, -178.8, -182.59999999999985, -165.7, -166.00000000000003, -162.2, -178.59999999999997, -180.4, -172.3, -124.2, -161.4, -130.2, -135.69999999999976, -203.69999999999962, -303.8, -188.50000000000003, -173.2999999999999, -275.89999999999986, -193.59999999999985, -212.8, -218.49999999999972, -190.9]","[99, 99, 99, 99, 99, 99, 99, 99, 99, 99, 99, 99, 99, 99, 99, 99, 99, 99, 99, 99, 99, 99, 99, 99, 99, 99, 99, 99, 99, 99, 99, 99, 99, 99, 99, 99, 99, 99, 99, 99, 99, 99, 99, 99, 99, 99, 99, 99, 99, 99, 99, 99, 99, 99, 99, 99, 99, 99, 99, 99, 99, 99, 99, 99, 99, 99, 99, 99, 99, 99, 99, 99, 99, 99, 99, 99, 99, 99, 99, 99, 99, 99, 99, 99, 99, 99, 99, 99, 99, 99, 99, 99, 99, 99, 99, 99, 99, 99, 99, 99]",0.45249948788526795,0.9498311447843321,0.06290929176225973,2.6802324862841442,0.0,18138.834,220.521,0.296,13498564.634,1863.969,2145.958,36000,36000,36000,36000,18.754166666666666,64.47916666666667,0.44999998807907104,9.999999747378752e-05,14.789095,-0.015620297,1479.8354,-0.000100580146,0.014139034,3.446872,0.0
-124.2,-326.0999999999999,-175.43799999999996,99.0,41,0,40000,0,40000,False,404,10,61a39_00000,fa5281b6df9d41fa84f7769d0f97e113,2022-01-24_12-47-48,1643028468,17.23304581642151,182.1085331439972,6197,MAC-ATI0602,127.0.0.1,182.1085331439972,0,10,"[-158.70000000000005, -326.0999999999999, -161.6, -145.70000000000002, -176.69999999999962, -178.5999999999998, -194.7, -161.8, -162.6, -208.39999999999992, -192.69999999999962, -169.70000000000005, -174.29999999999993, -186.29999999999998, -180.59999999999997, -149.90000000000003, -216.29999999999998, -160.8999999999997, -202.59999999999965, -164.1, -152.69999999999973, -167.60000000000002, -177.3, -157.90000000000003, -275.7, -160.00000000000003, -157.9, -188.5, -146.5999999999998, -154.19999999999993, -168.4, -185.4, -165.99999999999986, -198.6, -158.7, -170.3999999999999, -181.0, -151.59999999999982, -178.8, -182.59999999999985, -165.7, -166.00000000000003, -162.2, -178.59999999999997, -180.4, -172.3, -124.2, -161.4, -130.2, -135.69999999999976, -203.69999999999962, -303.8, -188.50000000000003, -173.2999999999999, -275.89999999999986, -193.59999999999985, -212.8, -218.49999999999972, -190.9, -270.39999999999986, -168.69999999999985, -187.59999999999994, -168.89999999999998, -154.69999999999973, -152.4, -163.5, -173.8, -147.10000000000002, -146.80000000000004, -184.0, -216.59999999999982, -149.69999999999976, -176.5, -155.7, -154.8, -164.49999999999983, -168.29999999999995, -161.6, -168.0, -166.7999999999998, -139.10000000000002, -146.7, -155.20000000000002, -164.5, -164.4, -217.39999999999998, -158.6999999999997, -189.1, -169.60000000000002, -150.4, -138.2, -142.9, -143.2, -187.8999999999998, -185.50000000000003, -160.10000000000002, -172.20000000000002, -143.7, -178.8, -145.9]","[99, 99, 99, 99, 99, 99, 99, 99, 99, 99, 99, 99, 99, 99, 99, 99, 99, 99, 99, 99, 99, 99, 99, 99, 99, 99, 99, 99, 99, 99, 99, 99, 99, 99, 99, 99, 99, 99, 99, 99, 99, 99, 99, 99, 99, 99, 99, 99, 99, 99, 99, 99, 99, 99, 99, 99, 99, 99, 99, 99, 99, 99, 99, 99, 99, 99, 99, 99, 99, 99, 99, 99, 99, 99, 99, 99, 99, 99, 99, 99, 99, 99, 99, 99, 99, 99, 99, 99, 99, 99, 99, 99, 99, 99, 99, 99, 99, 99, 99, 99]",0.4483583090821003,0.9414045594594879,0.0621738316125789,2.656326883403092,0.0,18069.301,221.37,0.288,13889573.64,1844.324,2168.816,40000,40000,40000,40000,19.825,64.40416666666668,0.44999998807907104,9.999999747378752e-05,11.881305,-0.0050151097,1187.962,0.030019509,0.014886839,3.394627,0.0
-124.2,-303.8,-172.01399999999995,99.0,40,0,44000,0,44000,False,444,11,61a39_00000,fa5281b6df9d41fa84f7769d0f97e113,2022-01-24_12-48-06,1643028486,17.776437044143677,199.88497018814087,6197,MAC-ATI0602,127.0.0.1,199.88497018814087,0,11,"[-165.7, -166.00000000000003, -162.2, -178.59999999999997, -180.4, -172.3, -124.2, -161.4, -130.2, -135.69999999999976, -203.69999999999962, -303.8, -188.50000000000003, -173.2999999999999, -275.89999999999986, -193.59999999999985, -212.8, -218.49999999999972, -190.9, -270.39999999999986, -168.69999999999985, -187.59999999999994, -168.89999999999998, -154.69999999999973, -152.4, -163.5, -173.8, -147.10000000000002, -146.80000000000004, -184.0, -216.59999999999982, -149.69999999999976, -176.5, -155.7, -154.8, -164.49999999999983, -168.29999999999995, -161.6, -168.0, -166.7999999999998, -139.10000000000002, -146.7, -155.20000000000002, -164.5, -164.4, -217.39999999999998, -158.6999999999997, -189.1, -169.60000000000002, -150.4, -138.2, -142.9, -143.2, -187.8999999999998, -185.50000000000003, -160.10000000000002, -172.20000000000002, -143.7, -178.8, -145.9, -148.60000000000002, -156.8, -172.99999999999983, -154.60000000000002, -186.60000000000002, -167.49999999999994, -187.69999999999965, -160.5, -137.40000000000003, -162.6999999999997, -133.69999999999976, -160.8, -150.9, -175.69999999999968, -161.6, -141.7, -251.59999999999997, -152.60000000000002, -177.2, -155.9, -202.99999999999983, -154.79999999999976, -168.69999999999968, -141.5, -170.90000000000003, -159.6999999999997, -181.3, -143.2, -173.69999999999965, -149.70000000000002, -213.69999999999962, -176.69999999999965, -175.39999999999995, -193.7, -157.0, -170.9999999999999, -148.69999999999968, -280.0, -143.6999999999997, -206.29999999999964]","[99, 99, 99, 99, 99, 99, 99, 99, 99, 99, 99, 99, 99, 99, 99, 99, 99, 99, 99, 99, 99, 99, 99, 99, 99, 99, 99, 99, 99, 99, 99, 99, 99, 99, 99, 99, 99, 99, 99, 99, 99, 99, 99, 99, 99, 99, 99, 99, 99, 99, 99, 99, 99, 99, 99, 99, 99, 99, 99, 99, 99, 99, 99, 99, 99, 99, 99, 99, 99, 99, 99, 99, 99, 99, 99, 99, 99, 99, 99, 99, 99, 99, 99, 99, 99, 99, 99, 99, 99, 99, 99, 99, 99, 99, 99, 99, 99, 99, 99, 99]",0.44636396650998833,0.9362823636951301,0.06173154169473923,2.6427220799839075,0.0,18058.346,221.504,0.297,13486508.039,1831.911,2183.512,44000,44000,44000,44000,20.888,64.53199999999998,0.44999998807907104,9.999999747378752e-05,8.681101,-0.018917302,869.44275,0.1754306,0.01242482,3.355578,0.0
-128.6999999999998,-575.7000000000013,-170.82799999999992,99.0,40,0,48000,0,48000,False,484,12,61a39_00000,fa5281b6df9d41fa84f7769d0f97e113,2022-01-24_12-48-23,1643028503,16.541154146194458,216.42612433433533,6197,MAC-ATI0602,127.0.0.1,216.42612433433533,0,12,"[-139.10000000000002, -146.7, -155.20000000000002, -164.5, -164.4, -217.39999999999998, -158.6999999999997, -189.1, -169.60000000000002, -150.4, -138.2, -142.9, -143.2, -187.8999999999998, -185.50000000000003, -160.10000000000002, -172.20000000000002, -143.7, -178.8, -145.9, -148.60000000000002, -156.8, -172.99999999999983, -154.60000000000002, -186.60000000000002, -167.49999999999994, -187.69999999999965, -160.5, -137.40000000000003, -162.6999999999997, -133.69999999999976, -160.8, -150.9, -175.69999999999968, -161.6, -141.7, -251.59999999999997, -152.60000000000002, -177.2, -155.9, -202.99999999999983, -154.79999999999976, -168.69999999999968, -141.5, -170.90000000000003, -159.6999999999997, -181.3, -143.2, -173.69999999999965, -149.70000000000002, -213.69999999999962, -176.69999999999965, -175.39999999999995, -193.7, -157.0, -170.9999999999999, -148.69999999999968, -280.0, -143.6999999999997, -206.29999999999964, -141.4, -152.9, -128.6999999999998, -171.6999999999997, -162.4, -230.29999999999995, -152.69999999999973, -143.0, -150.4999999999999, -140.79999999999995, -143.5, -180.7, -153.6, -243.69999999999953, -160.3, -205.09999999999977, -176.3, -185.5, -144.69999999999973, -182.69999999999965, -164.69999999999968, -159.8, -146.89999999999986, -190.69999999999962, -169.1, -152.7, -159.8, -150.0, -165.6999999999997, -146.5, -575.7000000000013, -182.69999999999962, -171.6999999999997, -164.4, -143.9, -186.9, -160.9, -136.50000000000006, -175.8, -164.59999999999982]","[99, 99, 99, 99, 99, 99, 99, 99, 99, 99, 99, 99, 99, 99, 99, 99, 99, 99, 99, 99, 99, 99, 99, 99, 99, 99, 99, 99, 99, 99, 99, 99, 99, 99, 99, 99, 99, 99, 99, 99, 99, 99, 99, 99, 99, 99, 99, 99, 99, 99, 99, 99, 99, 99, 99, 99, 99, 99, 99, 99, 99, 99, 99, 99, 99, 99, 99, 99, 99, 99, 99, 99, 99, 99, 99, 99, 99, 99, 99, 99, 99, 99, 99, 99, 99, 99, 99, 99, 99, 99, 99, 99, 99, 99, 99, 99, 99, 99, 99, 99]",0.4447979498348261,0.9315815513810923,0.061338302297118244,2.6297818391836913,0.0,17969.923,222.594,0.297,13486508.039,1829.427,2186.477,48000,48000,48000,48000,18.150000000000002,64.6,0.44999998807907104,9.999999747378752e-05,20.155537,-0.02005892,2016.9177,0.23744917,0.014264212,3.2934456,0.0
-123.60000000000002,-575.7000000000013,-169.8389999999999,99.0,41,0,52000,0,52000,False,525,13,61a39_00000,fa5281b6df9d41fa84f7769d0f97e113,2022-01-24_12-48-40,1643028520,17.15426206588745,233.58038640022278,6197,MAC-ATI0602,127.0.0.1,233.58038640022278,0,13,"[-154.79999999999976, -168.69999999999968, -141.5, -170.90000000000003, -159.6999999999997, -181.3, -143.2, -173.69999999999965, -149.70000000000002, -213.69999999999962, -176.69999999999965, -175.39999999999995, -193.7, -157.0, -170.9999999999999, -148.69999999999968, -280.0, -143.6999999999997, -206.29999999999964, -141.4, -152.9, -128.6999999999998, -171.6999999999997, -162.4, -230.29999999999995, -152.69999999999973, -143.0, -150.4999999999999, -140.79999999999995, -143.5, -180.7, -153.6, -243.69999999999953, -160.3, -205.09999999999977, -176.3, -185.5, -144.69999999999973, -182.69999999999965, -164.69999999999968, -159.8, -146.89999999999986, -190.69999999999962, -169.1, -152.7, -159.8, -150.0, -165.6999999999997, -146.5, -575.7000000000013, -182.69999999999962, -171.6999999999997, -164.4, -143.9, -186.9, -160.9, -136.50000000000006, -175.8, -164.59999999999982, -212.1999999999997, -162.59999999999997, -200.69999999999962, -160.70000000000002, -144.2, -159.59999999999985, -165.39999999999986, -159.6999999999997, -163.5, -135.59999999999977, -181.7, -177.6, -153.7, -203.69999999999962, -190.69999999999965, -188.69999999999965, -149.59999999999985, -151.5, -147.6999999999997, -171.6999999999997, -149.69999999999976, -155.6999999999997, -151.6999999999997, -170.0, -130.40000000000003, -167.90000000000003, -154.69999999999976, -134.19999999999993, -157.69999999999965, -180.69999999999965, -153.69999999999968, -144.69999999999973, -160.69999999999968, -149.6999999999998, -123.60000000000002, -174.5, -163.69999999999965, -171.79999999999987, -163.4, -149.69999999999968, -165.6999999999997]","[99, 99, 99, 99, 99, 99, 99, 99, 99, 99, 99, 99, 99, 99, 99, 99, 99, 99, 99, 99, 99, 99, 99, 99, 99, 99, 99, 99, 99, 99, 99, 99, 99, 99, 99, 99, 99, 99, 99, 99, 99, 99, 99, 99, 99, 99, 99, 99, 99, 99, 99, 99, 99, 99, 99, 99, 99, 99, 99, 99, 99, 99, 99, 99, 99, 99, 99, 99, 99, 99, 99, 99, 99, 99, 99, 99, 99, 99, 99, 99, 99, 99, 99, 99, 99, 99, 99, 99, 99, 99, 99, 99, 99, 99, 99, 99, 99, 99, 99, 99]",0.4433811632664964,0.9268106682171846,0.06093966080470297,2.616347373832513,0.0,17643.084,226.718,0.305,13110272.72,1807.565,2212.922,52000,52000,52000,52000,19.950000000000003,64.93333333333334,0.44999998807907104,9.999999747378752e-05,8.162122,-0.019606236,817.5089,0.30379948,0.014754374,3.2394452,0.0
-122.39999999999993,-575.7000000000013,-163.27599999999987,99.0,40,0,56000,0,56000,False,565,14,61a39_00000,fa5281b6df9d41fa84f7769d0f97e113,2022-01-24_12-48-58,1643028538,17.920789003372192,251.50117540359497,6197,MAC-ATI0602,127.0.0.1,251.50117540359497,0,14,"[-159.8, -146.89999999999986, -190.69999999999962, -169.1, -152.7, -159.8, -150.0, -165.6999999999997, -146.5, -575.7000000000013, -182.69999999999962, -171.6999999999997, -164.4, -143.9, -186.9, -160.9, -136.50000000000006, -175.8, -164.59999999999982, -212.1999999999997, -162.59999999999997, -200.69999999999962, -160.70000000000002, -144.2, -159.59999999999985, -165.39999999999986, -159.6999999999997, -163.5, -135.59999999999977, -181.7, -177.6, -153.7, -203.69999999999962, -190.69999999999965, -188.69999999999965, -149.59999999999985, -151.5, -147.6999999999997, -171.6999999999997, -149.69999999999976, -155.6999999999997, -151.6999999999997, -170.0, -130.40000000000003, -167.90000000000003, -154.69999999999976, -134.19999999999993, -157.69999999999965, -180.69999999999965, -153.69999999999968, -144.69999999999973, -160.69999999999968, -149.6999999999998, -123.60000000000002, -174.5, -163.69999999999965, -171.79999999999987, -163.4, -149.69999999999968, -165.6999999999997, -156.3, -157.49999999999994, -149.8, -162.10000000000002, -151.39999999999992, -141.49999999999972, -140.60000000000002, -170.69999999999962, -170.3999999999997, -150.69999999999965, -161.3, -141.69999999999973, -141.0, -151.90000000000003, -141.69999999999982, -173.69999999999968, -171.8, -143.20000000000002, -141.0, -161.7, -145.49999999999991, -190.69999999999982, -157.5, -166.69999999999968, -150.69999999999968, -146.3, -135.90000000000003, -148.20000000000002, -122.39999999999993, -148.89999999999998, -201.20000000000002, -147.3, -163.9, -155.69999999999973, -166.0999999999998, -165.69999999999976, -143.3, -147.8, -146.20000000000002, -138.6]","[99, 99, 99, 99, 99, 99, 99, 99, 99, 99, 99, 99, 99, 99, 99, 99, 99, 99, 99, 99, 99, 99, 99, 99, 99, 99, 99, 99, 99, 99, 99, 99, 99, 99, 99, 99, 99, 99, 99, 99, 99, 99, 99, 99, 99, 99, 99, 99, 99, 99, 99, 99, 99, 99, 99, 99, 99, 99, 99, 99, 99, 99, 99, 99, 99, 99, 99, 99, 99, 99, 99, 99, 99, 99, 99, 99, 99, 99, 99, 99, 99, 99, 99, 99, 99, 99, 99, 99, 99, 99, 99, 99, 99, 99, 99, 99, 99, 99, 99, 99]",0.4424590094711952,0.9231572416751926,0.060637365646474775,2.60665662209848,0.0,17634.143,226.833,0.294,13611241.279,1821.451,2196.051,56000,56000,56000,56000,22.63076923076923,64.8576923076923,0.44999998807907104,9.999999747378752e-05,6.180557,-0.029765481,620.36945,0.32690355,0.014729506,3.2434769,0.0
-120.29999999999998,-201.20000000000002,-152.88399999999984,99.0,41,0,60000,0,60000,False,606,15,61a39_00000,fa5281b6df9d41fa84f7769d0f97e113,2022-01-24_12-49-15,1643028555,16.688538074493408,268.1897134780884,6197,MAC-ATI0602,127.0.0.1,268.1897134780884,0,15,"[-151.6999999999997, -170.0, -130.40000000000003, -167.90000000000003, -154.69999999999976, -134.19999999999993, -157.69999999999965, -180.69999999999965, -153.69999999999968, -144.69999999999973, -160.69999999999968, -149.6999999999998, -123.60000000000002, -174.5, -163.69999999999965, -171.79999999999987, -163.4, -149.69999999999968, -165.6999999999997, -156.3, -157.49999999999994, -149.8, -162.10000000000002, -151.39999999999992, -141.49999999999972, -140.60000000000002, -170.69999999999962, -170.3999999999997, -150.69999999999965, -161.3, -141.69999999999973, -141.0, -151.90000000000003, -141.69999999999982, -173.69999999999968, -171.8, -143.20000000000002, -141.0, -161.7, -145.49999999999991, -190.69999999999982, -157.5, -166.69999999999968, -150.69999999999968, -146.3, -135.90000000000003, -148.20000000000002, -122.39999999999993, -148.89999999999998, -201.20000000000002, -147.3, -163.9, -155.69999999999973, -166.0999999999998, -165.69999999999976, -143.3, -147.8, -146.20000000000002, -138.6, -155.29999999999978, -164.6999999999997, -159.69999999999968, -155.69999999999987, -165.29999999999978, -153.69999999999973, -149.2, -141.69999999999973, -170.7999999999999, -172.6999999999997, -146.8, -148.9, -130.69999999999976, -155.9, -159.6999999999997, -142.69999999999973, -142.6999999999997, -190.5, -132.69999999999973, -168.6999999999997, -141.2, -141.6999999999997, -142.0, -169.69999999999987, -132.50000000000003, -143.70000000000002, -139.7, -142.10000000000002, -138.4, -151.7, -156.60000000000002, -120.29999999999998, -159.8, -160.6999999999997, -150.69999999999973, -136.3, -154.70000000000002, -128.9, -147.39999999999992, -140.79999999999976, -144.29999999999987]","[99, 99, 99, 99, 99, 99, 99, 99, 99, 99, 99, 99, 99, 99, 99, 99, 99, 99, 99, 99, 99, 99, 99, 99, 99, 99, 99, 99, 99, 99, 99, 99, 99, 99, 99, 99, 99, 99, 99, 99, 99, 99, 99, 99, 99, 99, 99, 99, 99, 99, 99, 99, 99, 99, 99, 99, 99, 99, 99, 99, 99, 99, 99, 99, 99, 99, 99, 99, 99, 99, 99, 99, 99, 99, 99, 99, 99, 99, 99, 99, 99, 99, 99, 99, 99, 99, 99, 99, 99, 99, 99, 99, 99, 99, 99, 99, 99, 99, 99, 99]",0.4403541778671908,0.9197020783442167,0.060338115294289674,2.5988281193093195,0.0,17552.233,227.891,0.275,14559763.95,1795.677,2227.572,60000,60000,60000,60000,16.169565217391305,64.52608695652174,0.44999998807907104,9.999999747378752e-05,6.054603,-0.009790233,605.84546,0.36292058,0.013197501,3.2331104,0.0
-113.69999999999978,-502.70000000000135,-152.1099999999999,99.0,40,0,64000,0,64000,False,646,16,61a39_00000,fa5281b6df9d41fa84f7769d0f97e113,2022-01-24_12-49-32,1643028572,17.433719873428345,285.6234333515167,6197,MAC-ATI0602,127.0.0.1,285.6234333515167,0,16,"[-190.69999999999982, -157.5, -166.69999999999968, -150.69999999999968, -146.3, -135.90000000000003, -148.20000000000002, -122.39999999999993, -148.89999999999998, -201.20000000000002, -147.3, -163.9, -155.69999999999973, -166.0999999999998, -165.69999999999976, -143.3, -147.8, -146.20000000000002, -138.6, -155.29999999999978, -164.6999999999997, -159.69999999999968, -155.69999999999987, -165.29999999999978, -153.69999999999973, -149.2, -141.69999999999973, -170.7999999999999, -172.6999999999997, -146.8, -148.9, -130.69999999999976, -155.9, -159.6999999999997, -142.69999999999973, -142.6999999999997, -190.5, -132.69999999999973, -168.6999999999997, -141.2, -141.6999999999997, -142.0, -169.69999999999987, -132.50000000000003, -143.70000000000002, -139.7, -142.10000000000002, -138.4, -151.7, -156.60000000000002, -120.29999999999998, -159.8, -160.6999999999997, -150.69999999999973, -136.3, -154.70000000000002, -128.9, -147.39999999999992, -140.79999999999976, -144.29999999999987, -129.69999999999973, -155.3, -133.50000000000003, -167.69999999999982, -149.69999999999973, -143.2, -502.70000000000135, -145.4999999999999, -140.4, -132.70000000000002, -146.8999999999998, -154.19999999999993, -142.69999999999973, -121.1, -155.69999999999976, -140.7, -138.69999999999976, -148.5, -131.5, -132.69999999999973, -139.79999999999995, -139.6, -153.6999999999997, -126.9, -156.69999999999976, -143.3, -145.69999999999973, -147.20000000000005, -146.2, -113.69999999999978, -152.6999999999997, -119.50000000000003, -146.49999999999977, -132.10000000000002, -145.69999999999973, -160.69999999999965, -156.19999999999987, -162.6999999999997, -146.9, -167.69999999999962]","[99, 99, 99, 99, 99, 99, 99, 99, 99, 99, 99, 99, 99, 99, 99, 99, 99, 99, 99, 99, 99, 99, 99, 99, 99, 99, 99, 99, 99, 99, 99, 99, 99, 99, 99, 99, 99, 99, 99, 99, 99, 99, 99, 99, 99, 99, 99, 99, 99, 99, 99, 99, 99, 99, 99, 99, 99, 99, 99, 99, 99, 99, 99, 99, 99, 99, 99, 99, 99, 99, 99, 99, 99, 99, 99, 99, 99, 99, 99, 99, 99, 99, 99, 99, 99, 99, 99, 99, 99, 99, 99, 99, 99, 99, 99, 99, 99, 99, 99, 99]",0.43897804022299913,0.9167339647391722,0.06008204950938177,2.5925477785650446,0.0,17331.095,230.799,0.275,14549662.649,1795.08,2228.313,64000,64000,64000,64000,20.572,64.5,0.44999998807907104,9.999999747378752e-05,9.384079,-0.025626948,940.4011,0.3203272,0.012655512,3.1856868,0.0
-110.69999999999979,-502.70000000000135,-148.7549999999999,99.0,40,0,68000,0,68000,False,686,17,61a39_00000,fa5281b6df9d41fa84f7769d0f97e113,2022-01-24_12-49-50,1643028590,17.633147954940796,303.2565813064575,6197,MAC-ATI0602,127.0.0.1,303.2565813064575,0,17,"[-141.6999999999997, -142.0, -169.69999999999987, -132.50000000000003, -143.70000000000002, -139.7, -142.10000000000002, -138.4, -151.7, -156.60000000000002, -120.29999999999998, -159.8, -160.6999999999997, -150.69999999999973, -136.3, -154.70000000000002, -128.9, -147.39999999999992, -140.79999999999976, -144.29999999999987, -129.69999999999973, -155.3, -133.50000000000003, -167.69999999999982, -149.69999999999973, -143.2, -502.70000000000135, -145.4999999999999, -140.4, -132.70000000000002, -146.8999999999998, -154.19999999999993, -142.69999999999973, -121.1, -155.69999999999976, -140.7, -138.69999999999976, -148.5, -131.5, -132.69999999999973, -139.79999999999995, -139.6, -153.6999999999997, -126.9, -156.69999999999976, -143.3, -145.69999999999973, -147.20000000000005, -146.2, -113.69999999999978, -152.6999999999997, -119.50000000000003, -146.49999999999977, -132.10000000000002, -145.69999999999973, -160.69999999999965, -156.19999999999987, -162.6999999999997, -146.9, -167.69999999999962, -154.69999999999993, -131.59999999999988, -113.40000000000003, -147.4, -165.40000000000003, -241.6, -149.40000000000003, -154.69999999999973, -162.69999999999968, -144.6999999999997, -139.99999999999997, -136.69999999999976, -110.69999999999979, -127.9, -154.69999999999968, -135.29999999999984, -144.69999999999973, -169.69999999999968, -149.6999999999997, -147.5, -147.0, -121.6999999999998, -117.70000000000003, -173.99999999999986, -124.69999999999978, -219.2, -163.1, -142.4, -133.5, -129.6999999999998, -143.19999999999982, -141.69999999999976, -128.00000000000003, -149.6999999999997, -138.8, -154.69999999999968, -124.6999999999998, -134.0, -130.60000000000002, -155.9999999999998]","[99, 99, 99, 99, 99, 99, 99, 99, 99, 99, 99, 99, 99, 99, 99, 99, 99, 99, 99, 99, 99, 99, 99, 99, 99, 99, 99, 99, 99, 99, 99, 99, 99, 99, 99, 99, 99, 99, 99, 99, 99, 99, 99, 99, 99, 99, 99, 99, 99, 99, 99, 99, 99, 99, 99, 99, 99, 99, 99, 99, 99, 99, 99, 99, 99, 99, 99, 99, 99, 99, 99, 99, 99, 99, 99, 99, 99, 99, 99, 99, 99, 99, 99, 99, 99, 99, 99, 99, 99, 99, 99, 99, 99, 99, 99, 99, 99, 99, 99, 99]",0.4383852478007445,0.9144406710009556,0.059884586370042306,2.5878740267779796,0.0,17244.731,231.955,0.283,14128181.895,1823.462,2193.629,68000,68000,68000,68000,20.244,64.5,0.44999998807907104,9.999999747378752e-05,6.9165134,-0.023421852,693.4734,0.30380762,0.0115610445,3.1294205,0.0
-97.40000000000003,-241.6,-141.33799999999982,99.0,41,0,72000,0,72000,False,727,18,61a39_00000,fa5281b6df9d41fa84f7769d0f97e113,2022-01-24_12-50-07,1643028607,17.15613102912903,320.41271233558655,6197,MAC-ATI0602,127.0.0.1,320.41271233558655,0,18,"[-139.6, -153.6999999999997, -126.9, -156.69999999999976, -143.3, -145.69999999999973, -147.20000000000005, -146.2, -113.69999999999978, -152.6999999999997, -119.50000000000003, -146.49999999999977, -132.10000000000002, -145.69999999999973, -160.69999999999965, -156.19999999999987, -162.6999999999997, -146.9, -167.69999999999962, -154.69999999999993, -131.59999999999988, -113.40000000000003, -147.4, -165.40000000000003, -241.6, -149.40000000000003, -154.69999999999973, -162.69999999999968, -144.6999999999997, -139.99999999999997, -136.69999999999976, -110.69999999999979, -127.9, -154.69999999999968, -135.29999999999984, -144.69999999999973, -169.69999999999968, -149.6999999999997, -147.5, -147.0, -121.6999999999998, -117.70000000000003, -173.99999999999986, -124.69999999999978, -219.2, -163.1, -142.4, -133.5, -129.6999999999998, -143.19999999999982, -141.69999999999976, -128.00000000000003, -149.6999999999997, -138.8, -154.69999999999968, -124.6999999999998, -134.0, -130.60000000000002, -155.9999999999998, -145.60000000000005, -131.6999999999997, -124.50000000000001, -120.6999999999998, -132.6999999999998, -131.70000000000002, -139.6999999999997, -150.69999999999976, -134.69999999999976, -139.69999999999973, -161.6999999999997, -111.6999999999998, -123.69999999999972, -139.69999999999976, -133.3, -122.6999999999998, -120.6999999999998, -142.9, -128.5, -143.69999999999976, -140.6999999999998, -143.6999999999997, -146.79999999999984, -117.69999999999979, -141.0999999999998, -144.69999999999965, -137.69999999999976, -97.40000000000003, -120.70000000000003, -156.4, -150.39999999999992, -140.6999999999997, -125.30000000000003, -154.69999999999968, -111.40000000000003, -130.69999999999973, -135.69999999999973, -142.69999999999973, -141.69999999999973, -123.99999999999986, -128.69999999999976]","[99, 99, 99, 99, 99, 99, 99, 99, 99, 99, 99, 99, 99, 99, 99, 99, 99, 99, 99, 99, 99, 99, 99, 99, 99, 99, 99, 99, 99, 99, 99, 99, 99, 99, 99, 99, 99, 99, 99, 99, 99, 99, 99, 99, 99, 99, 99, 99, 99, 99, 99, 99, 99, 99, 99, 99, 99, 99, 99, 99, 99, 99, 99, 99, 99, 99, 99, 99, 99, 99, 99, 99, 99, 99, 99, 99, 99, 99, 99, 99, 99, 99, 99, 99, 99, 99, 99, 99, 99, 99, 99, 99, 99, 99, 99, 99, 99, 99, 99, 99]",0.4381381885125984,0.9124263461571468,0.05972349592050481,2.5838823986590778,0.0,17285.428,231.409,0.279,14334600.137,1795.761,2227.469,72000,72000,72000,72000,18.95,64.49166666666666,0.44999998807907104,9.999999747378752e-05,4.8018737,-0.021527268,481.72638,0.3133551,0.013638079,3.0642936,0.0
-97.40000000000003,-277.5,-136.44099999999986,99.0,40,0,76000,0,76000,False,767,19,61a39_00000,fa5281b6df9d41fa84f7769d0f97e113,2022-01-24_12-50-24,1643028624,17.167401790618896,337.58011412620544,6197,MAC-ATI0602,127.0.0.1,337.58011412620544,0,19,"[-121.6999999999998, -117.70000000000003, -173.99999999999986, -124.69999999999978, -219.2, -163.1, -142.4, -133.5, -129.6999999999998, -143.19999999999982, -141.69999999999976, -128.00000000000003, -149.6999999999997, -138.8, -154.69999999999968, -124.6999999999998, -134.0, -130.60000000000002, -155.9999999999998, -145.60000000000005, -131.6999999999997, -124.50000000000001, -120.6999999999998, -132.6999999999998, -131.70000000000002, -139.6999999999997, -150.69999999999976, -134.69999999999976, -139.69999999999973, -161.6999999999997, -111.6999999999998, -123.69999999999972, -139.69999999999976, -133.3, -122.6999999999998, -120.6999999999998, -142.9, -128.5, -143.69999999999976, -140.6999999999998, -143.6999999999997, -146.79999999999984, -117.69999999999979, -141.0999999999998, -144.69999999999965, -137.69999999999976, -97.40000000000003, -120.70000000000003, -156.4, -150.39999999999992, -140.6999999999997, -125.30000000000003, -154.69999999999968, -111.40000000000003, -130.69999999999973, -135.69999999999973, -142.69999999999973, -141.69999999999973, -123.99999999999986, -128.69999999999976, -135.5, -109.20000000000003, -145.69999999999976, -165.0, -112.69999999999978, -129.5, -158.5, -127.50000000000003, -141.6999999999997, -122.80000000000003, -106.69999999999985, -131.8, -137.60000000000002, -122.6999999999998, -131.7, -133.69999999999976, -136.10000000000002, -129.6999999999997, -138.70000000000002, -125.10000000000001, -132.6999999999997, -141.69999999999976, -139.29999999999998, -120.4, -122.70000000000003, -122.6999999999998, -131.6999999999998, -128.7999999999998, -143.1, -137.09999999999985, -132.60000000000002, -139.1999999999998, -277.5, -130.2, -114.6999999999998, -131.7, -126.10000000000005, -129.3, -127.4, -132.69999999999976]","[99, 99, 99, 99, 99, 99, 99, 99, 99, 99, 99, 99, 99, 99, 99, 99, 99, 99, 99, 99, 99, 99, 99, 99, 99, 99, 99, 99, 99, 99, 99, 99, 99, 99, 99, 99, 99, 99, 99, 99, 99, 99, 99, 99, 99, 99, 99, 99, 99, 99, 99, 99, 99, 99, 99, 99, 99, 99, 99, 99, 99, 99, 99, 99, 99, 99, 99, 99, 99, 99, 99, 99, 99, 99, 99, 99, 99, 99, 99, 99, 99, 99, 99, 99, 99, 99, 99, 99, 99, 99, 99, 99, 99, 99, 99, 99, 99, 99, 99, 99]",0.43766808589723794,0.9105052961229319,0.05956766058567215,2.579872127392314,0.0,17314.53,231.02,0.265,15107803.692,1775.081,2253.419,76000,76000,76000,76000,19.608,64.30399999999999,0.44999998807907104,9.999999747378752e-05,4.992468,-0.0230983,500.87903,0.29820752,0.01505862,3.0373597,0.0
-89.10000000000001,-565.9,-136.8829999999999,99.0,41,0,80000,0,80000,False,808,20,61a39_00000,fa5281b6df9d41fa84f7769d0f97e113,2022-01-24_12-50-43,1643028643,18.84952402114868,356.4296381473541,6197,MAC-ATI0602,127.0.0.1,356.4296381473541,0,20,"[-146.79999999999984, -117.69999999999979, -141.0999999999998, -144.69999999999965, -137.69999999999976, -97.40000000000003, -120.70000000000003, -156.4, -150.39999999999992, -140.6999999999997, -125.30000000000003, -154.69999999999968, -111.40000000000003, -130.69999999999973, -135.69999999999973, -142.69999999999973, -141.69999999999973, -123.99999999999986, -128.69999999999976, -135.5, -109.20000000000003, -145.69999999999976, -165.0, -112.69999999999978, -129.5, -158.5, -127.50000000000003, -141.6999999999997, -122.80000000000003, -106.69999999999985, -131.8, -137.60000000000002, -122.6999999999998, -131.7, -133.69999999999976, -136.10000000000002, -129.6999999999997, -138.70000000000002, -125.10000000000001, -132.6999999999997, -141.69999999999976, -139.29999999999998, -120.4, -122.70000000000003, -122.6999999999998, -131.6999999999998, -128.7999999999998, -143.1, -137.09999999999985, -132.60000000000002, -139.1999999999998, -277.5, -130.2, -114.6999999999998, -131.7, -126.10000000000005, -129.3, -127.4, -132.69999999999976, -127.2999999999998, -121.99999999999987, -160.3, -153.59999999999977, -118.40000000000003, -89.10000000000001, -108.69999999999982, -155.39999999999984, -151.39999999999978, -118.8, -136.69999999999968, -114.69999999999976, -113.4, -105.69999999999985, -128.8, -127.80000000000004, -119.2, -142.69999999999968, -115.69999999999978, -108.6, -118.69999999999975, -137.89999999999986, -123.1, -117.69999999999978, -136.69999999999968, -135.69999999999968, -104.40000000000002, -109.6999999999998, -135.69999999999973, -125.5, -169.69999999999965, -119.80000000000001, -115.5, -167.2, -141.40000000000003, -123.4, -136.69999999999973, -565.9, -139.20000000000005, -134.39999999999984, -159.6999999999996]","[99, 99, 99, 99, 99, 99, 99, 99, 99, 99, 99, 99, 99, 99, 99, 99, 99, 99, 99, 99, 99, 99, 99, 99, 99, 99, 99, 99, 99, 99, 99, 99, 99, 99, 99, 99, 99, 99, 99, 99, 99, 99, 99, 99, 99, 99, 99, 99, 99, 99, 99, 99, 99, 99, 99, 99, 99, 99, 99, 99, 99, 99, 99, 99, 99, 99, 99, 99, 99, 99, 99, 99, 99, 99, 99, 99, 99, 99, 99, 99, 99, 99, 99, 99, 99, 99, 99, 99, 99, 99, 99, 99, 99, 99, 99, 99, 99, 99, 99, 99]",0.43777387764406966,0.9097404330443127,0.05952370366209125,2.580910668958885,0.0,17415.419,229.682,0.316,12640108.491,1815.179,2203.639,80000,80000,80000,80000,20.90740740740741,64.54444444444444,0.44999998807907104,9.999999747378752e-05,14.042498,-0.019350298,1405.5863,0.2748468,0.013300123,2.99568,0.0
-89.10000000000001,-565.9,-133.96799999999988,99.0,40,0,84000,0,84000,False,848,21,61a39_00000,fa5281b6df9d41fa84f7769d0f97e113,2022-01-24_12-51-04,1643028664,20.555406093597412,376.98504424095154,6197,MAC-ATI0602,127.0.0.1,376.98504424095154,0,21,"[-141.69999999999976, -139.29999999999998, -120.4, -122.70000000000003, -122.6999999999998, -131.6999999999998, -128.7999999999998, -143.1, -137.09999999999985, -132.60000000000002, -139.1999999999998, -277.5, -130.2, -114.6999999999998, -131.7, -126.10000000000005, -129.3, -127.4, -132.69999999999976, -127.2999999999998, -121.99999999999987, -160.3, -153.59999999999977, -118.40000000000003, -89.10000000000001, -108.69999999999982, -155.39999999999984, -151.39999999999978, -118.8, -136.69999999999968, -114.69999999999976, -113.4, -105.69999999999985, -128.8, -127.80000000000004, -119.2, -142.69999999999968, -115.69999999999978, -108.6, -118.69999999999975, -137.89999999999986, -123.1, -117.69999999999978, -136.69999999999968, -135.69999999999968, -104.40000000000002, -109.6999999999998, -135.69999999999973, -125.5, -169.69999999999965, -119.80000000000001, -115.5, -167.2, -141.40000000000003, -123.4, -136.69999999999973, -565.9, -139.20000000000005, -134.39999999999984, -159.6999999999996, -132.69999999999976, -129.39999999999975, -102.1, -106.70000000000005, -126.9, -168.69999999999968, -172.69999999999968, -118.09999999999998, -137.69999999999976, -138.8, -111.3, -98.69999999999986, -115.69999999999976, -109.60000000000005, -129.3999999999999, -111.59999999999984, -126.69999999999979, -112.69999999999982, -146.0, -98.69999999999979, -166.9999999999998, -124.69999999999973, -120.30000000000003, -122.2999999999998, -169.39999999999975, -101.20000000000002, -95.69999999999989, -101.30000000000001, -118.6999999999998, -131.60000000000002, -122.8, -109.50000000000001, -139.79999999999984, -144.5, -140.9, -131.19999999999993, -124.5, -125.60000000000001, -130.0, -116.40000000000002]","[99, 99, 99, 99, 99, 99, 99, 99, 99, 99, 99, 99, 99, 99, 99, 99, 99, 99, 99, 99, 99, 99, 99, 99, 99, 99, 99, 99, 99, 99, 99, 99, 99, 99, 99, 99, 99, 99, 99, 99, 99, 99, 99, 99, 99, 99, 99, 99, 99, 99, 99, 99, 99, 99, 99, 99, 99, 99, 99, 99, 99, 99, 99, 99, 99, 99, 99, 99, 99, 99, 99, 99, 99, 99, 99, 99, 99, 99, 99, 99, 99, 99, 99, 99, 99, 99, 99, 99, 99, 99, 99, 99, 99, 99, 99, 99, 99, 99, 99, 99]",0.43891529166440646,0.9114964672100343,0.05969536211687271,2.591839182554506,0.0,17687.444,226.149,0.317,12608759.958,1862.024,2148.2,84000,84000,84000,84000,24.810344827586206,65.00344827586208,0.44999998807907104,9.999999747378752e-05,3.8353639,-0.029144768,385.786,0.30351773,0.01477356,3.0038805,0.0
-95.69999999999989,-565.9,-132.65299999999988,99.0,40,0,88000,0,88000,False,888,22,61a39_00000,fa5281b6df9d41fa84f7769d0f97e113,2022-01-24_12-51-24,1643028684,20.899207830429077,397.8842520713806,6197,MAC-ATI0602,127.0.0.1,397.8842520713806,0,22,"[-137.89999999999986, -123.1, -117.69999999999978, -136.69999999999968, -135.69999999999968, -104.40000000000002, -109.6999999999998, -135.69999999999973, -125.5, -169.69999999999965, -119.80000000000001, -115.5, -167.2, -141.40000000000003, -123.4, -136.69999999999973, -565.9, -139.20000000000005, -134.39999999999984, -159.6999999999996, -132.69999999999976, -129.39999999999975, -102.1, -106.70000000000005, -126.9, -168.69999999999968, -172.69999999999968, -118.09999999999998, -137.69999999999976, -138.8, -111.3, -98.69999999999986, -115.69999999999976, -109.60000000000005, -129.3999999999999, -111.59999999999984, -126.69999999999979, -112.69999999999982, -146.0, -98.69999999999979, -166.9999999999998, -124.69999999999973, -120.30000000000003, -122.2999999999998, -169.39999999999975, -101.20000000000002, -95.69999999999989, -101.30000000000001, -118.6999999999998, -131.60000000000002, -122.8, -109.50000000000001, -139.79999999999984, -144.5, -140.9, -131.19999999999993, -124.5, -125.60000000000001, -130.0, -116.40000000000002, -123.50000000000001, -120.90000000000002, -129.60000000000002, -131.4, -127.19999999999999, -102.8, -134.29999999999995, -113.30000000000001, -140.19999999999982, -104.8, -129.69999999999976, -127.3, -115.69999999999982, -145.69999999999968, -108.99999999999999, -143.6999999999997, -123.69999999999989, -113.69999999999982, -123.6, -114.90000000000002, -168.69999999999968, -125.49999999999999, -122.3, -134.69999999999973, -105.90000000000003, -103.0, -118.19999999999995, -98.10000000000002, -127.09999999999995, -124.69999999999986, -118.89999999999993, -115.69999999999976, -209.69999999999953, -130.9, -161.69999999999968, -137.7999999999999, -160.5, -130.6999999999997, -137.39999999999978, -127.89999999999992]","[99, 99, 99, 99, 99, 99, 99, 99, 99, 99, 99, 99, 99, 99, 99, 99, 99, 99, 99, 99, 99, 99, 99, 99, 99, 99, 99, 99, 99, 99, 99, 99, 99, 99, 99, 99, 99, 99, 99, 99, 99, 99, 99, 99, 99, 99, 99, 99, 99, 99, 99, 99, 99, 99, 99, 99, 99, 99, 99, 99, 99, 99, 99, 99, 99, 99, 99, 99, 99, 99, 99, 99, 99, 99, 99, 99, 99, 99, 99, 99, 99, 99, 99, 99, 99, 99, 99, 99, 99, 99, 99, 99, 99, 99, 99, 99, 99, 99, 99, 99]",0.4409493253901071,0.9153953131978197,0.06004650784461564,2.6108672876010126,0.0,18127.362,220.661,0.325,12314456.841,1904.565,2100.217,88000,88000,88000,88000,23.944827586206898,65.04482758620689,0.44999998807907104,9.999999747378752e-05,4.2154584,-0.024866592,423.42917,0.328781,0.013406891,2.952809,0.0
-90.4,-209.69999999999953,-127.78599999999992,99.0,41,0,92000,0,92000,False,929,23,61a39_00000,fa5281b6df9d41fa84f7769d0f97e113,2022-01-24_12-51-47,1643028707,22.915569067001343,420.79982113838196,6197,MAC-ATI0602,127.0.0.1,420.79982113838196,0,23,"[-124.69999999999973, -120.30000000000003, -122.2999999999998, -169.39999999999975, -101.20000000000002, -95.69999999999989, -101.30000000000001, -118.6999999999998, -131.60000000000002, -122.8, -109.50000000000001, -139.79999999999984, -144.5, -140.9, -131.19999999999993, -124.5, -125.60000000000001, -130.0, -116.40000000000002, -123.50000000000001, -120.90000000000002, -129.60000000000002, -131.4, -127.19999999999999, -102.8, -134.29999999999995, -113.30000000000001, -140.19999999999982, -104.8, -129.69999999999976, -127.3, -115.69999999999982, -145.69999999999968, -108.99999999999999, -143.6999999999997, -123.69999999999989, -113.69999999999982, -123.6, -114.90000000000002, -168.69999999999968, -125.49999999999999, -122.3, -134.69999999999973, -105.90000000000003, -103.0, -118.19999999999995, -98.10000000000002, -127.09999999999995, -124.69999999999986, -118.89999999999993, -115.69999999999976, -209.69999999999953, -130.9, -161.69999999999968, -137.7999999999999, -160.5, -130.6999999999997, -137.39999999999978, -127.89999999999992, -118.69999999999979, -143.9, -161.6999999999997, -128.6999999999997, -111.4, -143.29999999999995, -137.6999999999998, -113.69999999999979, -90.4, -131.7, -119.60000000000002, -142.5, -134.60000000000002, -125.5, -119.19999999999997, -139.39999999999998, -125.69999999999979, -134.29999999999984, -135.69999999999976, -120.29999999999987, -108.69999999999976, -108.5, -125.70000000000005, -130.49999999999994, -108.30000000000004, -105.80000000000001, -117.0, -198.69999999999953, -157.1, -127.2, -137.50000000000003, -111.6999999999998, -102.60000000000002, -106.80000000000001, -124.7, -149.20000000000002, -128.00000000000003, -176.2, -153.69999999999968, -105.0, -112.9]","[99, 99, 99, 99, 99, 99, 99, 99, 99, 99, 99, 99, 99, 99, 99, 99, 99, 99, 99, 99, 99, 99, 99, 99, 99, 99, 99, 99, 99, 99, 99, 99, 99, 99, 99, 99, 99, 99, 99, 99, 99, 99, 99, 99, 99, 99, 99, 99, 99, 99, 99, 99, 99, 99, 99, 99, 99, 99, 99, 99, 99, 99, 99, 99, 99, 99, 99, 99, 99, 99, 99, 99, 99, 99, 99, 99, 99, 99, 99, 99, 99, 99, 99, 99, 99, 99, 99, 99, 99, 99, 99, 99, 99, 99, 99, 99, 99, 99, 99, 99]",0.44371448619764947,0.9221307032601779,0.060628217804661266,2.638980110042364,0.0,18697.883,213.928,0.315,12701352.108,1952.567,2048.585,92000,92000,92000,92000,30.236363636363638,65.25757575757575,0.44999998807907104,9.999999747378752e-05,4.655714,-0.022192916,467.15106,0.22768562,0.014213798,2.91508,0.0
-90.4,-209.69999999999953,-125.40899999999992,99.0,40,0,96000,0,96000,False,969,24,61a39_00000,fa5281b6df9d41fa84f7769d0f97e113,2022-01-24_12-52-08,1643028728,20.544483184814453,441.3443043231964,6197,MAC-ATI0602,127.0.0.1,441.3443043231964,0,24,"[-125.49999999999999, -122.3, -134.69999999999973, -105.90000000000003, -103.0, -118.19999999999995, -98.10000000000002, -127.09999999999995, -124.69999999999986, -118.89999999999993, -115.69999999999976, -209.69999999999953, -130.9, -161.69999999999968, -137.7999999999999, -160.5, -130.6999999999997, -137.39999999999978, -127.89999999999992, -118.69999999999979, -143.9, -161.6999999999997, -128.6999999999997, -111.4, -143.29999999999995, -137.6999999999998, -113.69999999999979, -90.4, -131.7, -119.60000000000002, -142.5, -134.60000000000002, -125.5, -119.19999999999997, -139.39999999999998, -125.69999999999979, -134.29999999999984, -135.69999999999976, -120.29999999999987, -108.69999999999976, -108.5, -125.70000000000005, -130.49999999999994, -108.30000000000004, -105.80000000000001, -117.0, -198.69999999999953, -157.1, -127.2, -137.50000000000003, -111.6999999999998, -102.60000000000002, -106.80000000000001, -124.7, -149.20000000000002, -128.00000000000003, -176.2, -153.69999999999968, -105.0, -112.9, -122.69999999999982, -120.69999999999982, -109.3, -129.6999999999998, -131.2, -117.10000000000002, -123.19999999999987, -156.99999999999972, -106.69999999999979, -125.59999999999981, -120.20000000000006, -110.69999999999979, -124.69999999999976, -108.90000000000005, -131.60000000000002, -118.20000000000002, -103.09999999999992, -134.60000000000002, -130.69999999999976, -126.69999999999973, -111.69999999999983, -110.69999999999982, -101.6999999999999, -106.3, -136.5999999999999, -113.5, -102.09999999999988, -111.50000000000004, -128.6, -120.2, -93.69999999999989, -108.40000000000003, -111.10000000000004, -195.69999999999956, -118.7, -109.2, -101.5, -97.49999999999991, -125.90000000000002, -119.2]","[99, 99, 99, 99, 99, 99, 99, 99, 99, 99, 99, 99, 99, 99, 99, 99, 99, 99, 99, 99, 99, 99, 99, 99, 99, 99, 99, 99, 99, 99, 99, 99, 99, 99, 99, 99, 99, 99, 99, 99, 99, 99, 99, 99, 99, 99, 99, 99, 99, 99, 99, 99, 99, 99, 99, 99, 99, 99, 99, 99, 99, 99, 99, 99, 99, 99, 99, 99, 99, 99, 99, 99, 99, 99, 99, 99, 99, 99, 99, 99, 99, 99, 99, 99, 99, 99, 99, 99, 99, 99, 99, 99, 99, 99, 99, 99, 99, 99, 99, 99]",0.445895148424622,0.9284006050634886,0.06115555206529852,2.664822381699591,0.0,19040.775,210.075,0.311,12860045.991,1920.243,2083.069,96000,96000,96000,96000,22.75862068965517,65.0896551724138,0.44999998807907104,9.999999747378752e-05,3.5002763,-0.03564353,352.98978,0.2991731,0.013383144,2.9230967,0.0
-93.69999999999989,-198.69999999999953,-120.25799999999992,99.0,41,0,100000,0,100000,False,1010,25,61a39_00000,fa5281b6df9d41fa84f7769d0f97e113,2022-01-24_12-52-32,1643028752,23.81799292564392,465.16229724884033,6197,MAC-ATI0602,127.0.0.1,465.16229724884033,0,25,"[-125.70000000000005, -130.49999999999994, -108.30000000000004, -105.80000000000001, -117.0, -198.69999999999953, -157.1, -127.2, -137.50000000000003, -111.6999999999998, -102.60000000000002, -106.80000000000001, -124.7, -149.20000000000002, -128.00000000000003, -176.2, -153.69999999999968, -105.0, -112.9, -122.69999999999982, -120.69999999999982, -109.3, -129.6999999999998, -131.2, -117.10000000000002, -123.19999999999987, -156.99999999999972, -106.69999999999979, -125.59999999999981, -120.20000000000006, -110.69999999999979, -124.69999999999976, -108.90000000000005, -131.60000000000002, -118.20000000000002, -103.09999999999992, -134.60000000000002, -130.69999999999976, -126.69999999999973, -111.69999999999983, -110.69999999999982, -101.6999999999999, -106.3, -136.5999999999999, -113.5, -102.09999999999988, -111.50000000000004, -128.6, -120.2, -93.69999999999989, -108.40000000000003, -111.10000000000004, -195.69999999999956, -118.7, -109.2, -101.5, -97.49999999999991, -125.90000000000002, -119.2, -128.10000000000002, -150.69999999999987, -117.30000000000001, -132.69999999999993, -101.4, -113.2, -120.20000000000002, -130.69999999999973, -110.79999999999984, -94.6, -117.30000000000001, -97.50000000000006, -113.69999999999979, -103.69999999999983, -112.3, -118.0999999999998, -137.1999999999998, -135.8, -126.2, -119.10000000000001, -101.80000000000001, -95.60000000000001, -100.5, -129.5999999999998, -159.49999999999991, -135.6999999999999, -102.19999999999999, -117.0, -97.70000000000005, -123.4, -103.6999999999998, -104.99999999999993, -118.4, -105.6, -115.89999999999986, -107.69999999999983, -97.80000000000001, -132.69999999999968, -117.89999999999984, -108.80000000000004, -113.7]","[99, 99, 99, 99, 99, 99, 99, 99, 99, 99, 99, 99, 99, 99, 99, 99, 99, 99, 99, 99, 99, 99, 99, 99, 99, 99, 99, 99, 99, 99, 99, 99, 99, 99, 99, 99, 99, 99, 99, 99, 99, 99, 99, 99, 99, 99, 99, 99, 99, 99, 99, 99, 99, 99, 99, 99, 99, 99, 99, 99, 99, 99, 99, 99, 99, 99, 99, 99, 99, 99, 99, 99, 99, 99, 99, 99, 99, 99, 99, 99, 99, 99, 99, 99, 99, 99, 99, 99, 99, 99, 99, 99, 99, 99, 99, 99, 99, 99, 99, 99]",0.4490033561276979,0.9359099677611965,0.06175270385650987,2.6938067907289507,0.0,19682.192,203.229,0.319,12527789.725,1959.528,2041.308,100000,100000,100000,100000,31.864705882352936,65.10294117647061,0.44999998807907104,9.999999747378752e-05,4.124055,-0.017117554,413.48923,0.27593234,0.013955908,2.8651009,0.0
-92.20000000000002,-195.69999999999956,-115.98399999999994,99.0,40,0,104000,0,104000,False,1050,26,61a39_00000,fa5281b6df9d41fa84f7769d0f97e113,2022-01-24_12-52-53,1643028773,21.51808476448059,486.6803820133209,6197,MAC-ATI0602,127.0.0.1,486.6803820133209,0,26,"[-110.69999999999982, -101.6999999999999, -106.3, -136.5999999999999, -113.5, -102.09999999999988, -111.50000000000004, -128.6, -120.2, -93.69999999999989, -108.40000000000003, -111.10000000000004, -195.69999999999956, -118.7, -109.2, -101.5, -97.49999999999991, -125.90000000000002, -119.2, -128.10000000000002, -150.69999999999987, -117.30000000000001, -132.69999999999993, -101.4, -113.2, -120.20000000000002, -130.69999999999973, -110.79999999999984, -94.6, -117.30000000000001, -97.50000000000006, -113.69999999999979, -103.69999999999983, -112.3, -118.0999999999998, -137.1999999999998, -135.8, -126.2, -119.10000000000001, -101.80000000000001, -95.60000000000001, -100.5, -129.5999999999998, -159.49999999999991, -135.6999999999999, -102.19999999999999, -117.0, -97.70000000000005, -123.4, -103.6999999999998, -104.99999999999993, -118.4, -105.6, -115.89999999999986, -107.69999999999983, -97.80000000000001, -132.69999999999968, -117.89999999999984, -108.80000000000004, -113.7, -101.80000000000001, -122.29999999999987, -110.3, -114.69999999999979, -173.69999999999956, -112.69999999999979, -105.50000000000001, -115.69999999999982, -98.7, -131.0, -126.19999999999976, -103.10000000000001, -105.49999999999991, -92.79999999999995, -139.6999999999997, -117.50000000000003, -98.80000000000001, -134.19999999999996, -121.30000000000001, -98.20000000000006, -140.69999999999996, -141.4, -110.40000000000003, -104.69999999999982, -119.69999999999978, -97.40000000000003, -105.69999999999982, -109.5, -102.60000000000001, -140.79999999999973, -116.69999999999983, -99.69999999999985, -136.49999999999994, -101.7, -110.69999999999979, -105.7, -117.69999999999976, -113.69999999999982, -92.20000000000002, -124.3]","[99, 99, 99, 99, 99, 99, 99, 99, 99, 99, 99, 99, 99, 99, 99, 99, 99, 99, 99, 99, 99, 99, 99, 99, 99, 99, 99, 99, 99, 99, 99, 99, 99, 99, 99, 99, 99, 99, 99, 99, 99, 99, 99, 99, 99, 99, 99, 99, 99, 99, 99, 99, 99, 99, 99, 99, 99, 99, 99, 99, 99, 99, 99, 99, 99, 99, 99, 99, 99, 99, 99, 99, 99, 99, 99, 99, 99, 99, 99, 99, 99, 99, 99, 99, 99, 99, 99, 99, 99, 99, 99, 99, 99, 99, 99, 99, 99, 99, 99, 99]",0.4515706080788525,0.9424489811485296,0.062292007931048464,2.7199678463922883,0.0,20095.135,199.053,0.326,12257774.531,1995.42,2004.59,104000,104000,104000,104000,27.13333333333333,65.55333333333333,0.44999998807907104,9.999999747378752e-05,3.0326686,-0.031933088,305.8417,0.278972,0.013743525,2.7837346,0.0
-78.2,-173.69999999999956,-113.91299999999994,99.0,40,0,108000,0,108000,False,1090,27,61a39_00000,fa5281b6df9d41fa84f7769d0f97e113,2022-01-24_12-53-14,1643028794,20.778120040893555,507.4585020542145,6197,MAC-ATI0602,127.0.0.1,507.4585020542145,0,27,"[-95.60000000000001, -100.5, -129.5999999999998, -159.49999999999991, -135.6999999999999, -102.19999999999999, -117.0, -97.70000000000005, -123.4, -103.6999999999998, -104.99999999999993, -118.4, -105.6, -115.89999999999986, -107.69999999999983, -97.80000000000001, -132.69999999999968, -117.89999999999984, -108.80000000000004, -113.7, -101.80000000000001, -122.29999999999987, -110.3, -114.69999999999979, -173.69999999999956, -112.69999999999979, -105.50000000000001, -115.69999999999982, -98.7, -131.0, -126.19999999999976, -103.10000000000001, -105.49999999999991, -92.79999999999995, -139.6999999999997, -117.50000000000003, -98.80000000000001, -134.19999999999996, -121.30000000000001, -98.20000000000006, -140.69999999999996, -141.4, -110.40000000000003, -104.69999999999982, -119.69999999999978, -97.40000000000003, -105.69999999999982, -109.5, -102.60000000000001, -140.79999999999973, -116.69999999999983, -99.69999999999985, -136.49999999999994, -101.7, -110.69999999999979, -105.7, -117.69999999999976, -113.69999999999982, -92.20000000000002, -124.3, -138.5, -99.0, -122.6999999999998, -141.69999999999985, -115.89999999999993, -120.69999999999978, -102.69999999999986, -110.80000000000004, -133.09999999999997, -118.79999999999986, -137.60000000000002, -116.3, -97.10000000000002, -107.69999999999983, -104.10000000000004, -96.9, -100.69999999999985, -136.99999999999991, -109.9, -104.2, -139.69999999999968, -92.69999999999986, -103.69999999999987, -149.69999999999965, -127.50000000000004, -118.69999999999973, -102.30000000000001, -104.0, -78.2, -111.19999999999999, -102.70000000000005, -112.60000000000005, -100.29999999999988, -90.49999999999993, -93.69999999999989, -116.0, -123.19999999999985, -90.6, -117.10000000000001, -97.60000000000002]","[99, 99, 99, 99, 99, 99, 99, 99, 99, 99, 99, 99, 99, 99, 99, 99, 99, 99, 99, 99, 99, 99, 99, 99, 99, 99, 99, 99, 99, 99, 99, 99, 99, 99, 99, 99, 99, 99, 99, 99, 99, 99, 99, 99, 99, 99, 99, 99, 99, 99, 99, 99, 99, 99, 99, 99, 99, 99, 99, 99, 99, 99, 99, 99, 99, 99, 99, 99, 99, 99, 99, 99, 99, 99, 99, 99, 99, 99, 99, 99, 99, 99, 99, 99, 99, 99, 99, 99, 99, 99, 99, 99, 99, 99, 99, 99, 99, 99, 99, 99]",0.45314930490733984,0.9468659305783871,0.06267782958959138,2.740216891927854,0.0,20418.078,195.905,0.318,12561557.353,2023.226,1977.041,108000,108000,108000,108000,26.039999999999996,64.77,0.44999998807907104,9.999999747378752e-05,3.7167017,-0.02118778,373.3226,0.23382358,0.01036367,2.7224476,0.0
