episode_reward_max,episode_reward_min,episode_reward_mean,episode_len_mean,episodes_this_iter,num_healthy_workers,timesteps_total,timesteps_this_iter,agent_timesteps_total,done,episodes_total,training_iteration,trial_id,experiment_id,date,timestamp,time_this_iter_s,time_total_s,pid,hostname,node_ip,time_since_restore,timesteps_since_restore,iterations_since_restore,hist_stats/episode_reward,hist_stats/episode_lengths,sampler_perf/mean_raw_obs_processing_ms,sampler_perf/mean_inference_ms,sampler_perf/mean_action_processing_ms,sampler_perf/mean_env_wait_ms,sampler_perf/mean_env_render_ms,timers/sample_time_ms,timers/sample_throughput,timers/load_time_ms,timers/load_throughput,timers/learn_time_ms,timers/learn_throughput,timers/update_time_ms,info/num_steps_sampled,info/num_agent_steps_sampled,info/num_steps_trained,info/num_agent_steps_trained,perf/cpu_util_percent,perf/ram_util_percent,info/learner/default_policy/learner_stats/cur_kl_coeff,info/learner/default_policy/learner_stats/cur_lr,info/learner/default_policy/learner_stats/total_loss,info/learner/default_policy/learner_stats/policy_loss,info/learner/default_policy/learner_stats/vf_loss,info/learner/default_policy/learner_stats/vf_explained_var,info/learner/default_policy/learner_stats/kl,info/learner/default_policy/learner_stats/entropy,info/learner/default_policy/learner_stats/entropy_coeff
-23.7,-89.69999999999999,-64.07403846153846,19.0,208,4,4000,0,4000,False,208,1,6cd82_00000,d61d83360e114d8abd2fa101b65b1a0c,2022-01-19_13-27-08,1642598828,9.971342086791992,9.971342086791992,44232,MAC-ATI0602,127.0.0.1,9.971342086791992,0,1,"[-83.69999999999999, -33.7, -29.700000000000006, -82.2, -80.69999999999999, -53.7, -78.69999999999999, -80.69999999999999, -87.7, -86.69999999999999, -34.7, -82.9, -83.69999999999999, -39.0, -80.8, -77.69999999999999, -62.7, -84.3, -85.69999999999999, -74.7, -78.69999999999999, -85.69999999999999, -87.69999999999999, -33.7, -86.69999999999999, -80.6, -78.6, -83.69999999999999, -89.69999999999999, -84.69999999999999, -59.7, -33.7, -80.69999999999999, -62.6, -88.3, -78.69999999999999, -84.69999999999999, -38.6, -34.7, -30.700000000000003, -58.6, -83.4, -34.70000000000001, -43.7, -36.3, -85.69999999999999, -85.69999999999999, -33.7, -84.2, -32.7, -74.7, -83.9, -75.1, -34.7, -79.2, -30.70000000000001, -37.70000000000001, -83.69999999999999, -87.3, -86.69999999999999, -84.2, -61.2, -83.5, -27.700000000000003, -70.7, -31.600000000000005, -32.7, -85.69999999999999, -33.1, -71.7, -84.69999999999999, -82.2, -78.69999999999999, -64.6, -80.69999999999999, -81.69999999999999, -66.7, -32.7, -81.69999999999999, -59.6, -37.70000000000001, -32.7, -85.69999999999999, -71.5, -82.0, -84.69999999999999, -74.7, -81.69999999999999, -72.7, -84.69999999999999, -26.600000000000005, -85.2, -30.6, -32.7, -57.6, -85.2, -74.4, -82.69999999999999, -83.69999999999999, -80.69999999999999, -25.700000000000003, -82.69999999999999, -38.099999999999994, -39.0, -34.7, -83.6, -54.3, -79.69999999999999, -65.7, -74.7, -82.7, -58.7, -59.4, -77.69999999999999, -77.3, -86.69999999999999, -80.69999999999999, -89.69999999999999, -84.3, -84.69999999999999, -57.7, -83.2, -78.2, -37.7, -86.5, -84.7, -24.700000000000006, -35.7, -34.7, -24.2, -76.69999999999999, -33.0, -72.7, -36.1, -34.7, -81.69999999999999, -86.9, -72.7, -83.69999999999999, -85.69999999999999, -23.7, -34.7, -87.69999999999999, -80.69999999999999, -34.7, -61.7, -60.400000000000006, -79.3, -76.69999999999999, -81.69999999999999, -60.7, -76.69999999999999, -39.7, -80.69999999999999, -85.69999999999999, -26.700000000000003, -82.69999999999999, -25.400000000000002, -32.7, -76.7, -24.4, -85.4, -78.4, -37.70000000000001, -84.69999999999999, -51.7, -31.700000000000006, -34.7, -81.69999999999999, -85.7, -34.7, -58.7, -84.3, -82.2, -29.700000000000006, -55.6, -50.7, -81.69999999999999, -31.700000000000006, -84.69999999999999, -61.7, -36.7, -82.69999999999999, -87.6, -87.69999999999999, -33.7, -84.69999999999999, -82.69999999999999, -35.70000000000001, -35.6, -30.700000000000006, -81.6, -35.70000000000001, -36.7, -61.6, -34.3, -76.8, -33.7, -86.7, -26.700000000000006, -78.69999999999999, -26.2, -81.69999999999999, -84.69999999999999, -81.69999999999999, -73.4, -83.5, -32.6]","[19, 19, 19, 19, 19, 19, 19, 19, 19, 19, 19, 19, 19, 19, 19, 19, 19, 19, 19, 19, 19, 19, 19, 19, 19, 19, 19, 19, 19, 19, 19, 19, 19, 19, 19, 19, 19, 19, 19, 19, 19, 19, 19, 19, 19, 19, 19, 19, 19, 19, 19, 19, 19, 19, 19, 19, 19, 19, 19, 19, 19, 19, 19, 19, 19, 19, 19, 19, 19, 19, 19, 19, 19, 19, 19, 19, 19, 19, 19, 19, 19, 19, 19, 19, 19, 19, 19, 19, 19, 19, 19, 19, 19, 19, 19, 19, 19, 19, 19, 19, 19, 19, 19, 19, 19, 19, 19, 19, 19, 19, 19, 19, 19, 19, 19, 19, 19, 19, 19, 19, 19, 19, 19, 19, 19, 19, 19, 19, 19, 19, 19, 19, 19, 19, 19, 19, 19, 19, 19, 19, 19, 19, 19, 19, 19, 19, 19, 19, 19, 19, 19, 19, 19, 19, 19, 19, 19, 19, 19, 19, 19, 19, 19, 19, 19, 19, 19, 19, 19, 19, 19, 19, 19, 19, 19, 19, 19, 19, 19, 19, 19, 19, 19, 19, 19, 19, 19, 19, 19, 19, 19, 19, 19, 19, 19, 19, 19, 19, 19, 19, 19, 19, 19, 19, 19, 19, 19, 19]",2.246002336362978,1.2713612971844133,0.09082187782158029,4.110469267918514,0.0,7894.259,506.697,0.323,12390853.767,2071.614,1930.862,1.695,4000,4000,4000,4000,46.446666666666665,61.63333333333335,0.20000000298023224,9.999999747378752e-05,2066.5488,-0.016243549,2066.5605,-0.011503298,0.023329848,3.690511,0.0
-14.0,-89.69999999999999,-59.341037735849056,19.0,212,4,8000,0,8000,False,420,2,6cd82_00000,d61d83360e114d8abd2fa101b65b1a0c,2022-01-19_13-27-19,1642598839,10.406078100204468,20.37742018699646,44232,MAC-ATI0602,127.0.0.1,20.37742018699646,0,2,"[-34.7, -32.3, -33.4, -79.4, -32.7, -78.3, -83.4, -33.9, -51.6, -86.69999999999999, -76.69999999999999, -86.7, -85.5, -77.69999999999999, -84.69999999999999, -85.69999999999999, -84.2, -25.2, -81.69999999999999, -86.7, -79.69999999999999, -31.700000000000006, -80.69999999999999, -84.69999999999999, -86.69999999999999, -31.6, -85.69999999999999, -84.5, -82.69999999999999, -80.69999999999999, -85.69999999999999, -84.69999999999999, -40.400000000000006, -81.69999999999999, -79.3, -35.7, -34.5, -82.4, -85.7, -28.700000000000006, -79.69999999999999, -86.69999999999999, -84.69999999999999, -53.5, -85.1, -24.5, -85.69999999999999, -85.69999999999999, -82.69999999999999, -86.69999999999999, -50.3, -34.4, -34.5, -61.3, -81.7, -87.7, -40.0, -28.700000000000003, -56.7, -85.69999999999999, -38.7, -85.69999999999999, -36.7, -33.7, -84.69999999999999, -82.8, -84.69999999999999, -32.7, -34.7, -34.4, -83.2, -29.700000000000006, -36.7, -33.7, -36.7, -25.600000000000005, -33.7, -83.69999999999999, -33.3, -86.5, -59.5, -32.7, -35.70000000000001, -14.0, -37.2, -86.6, -35.4, -85.69999999999999, -85.69999999999999, -74.7, -85.1, -31.6, -61.5, -70.7, -22.700000000000003, -28.700000000000006, -85.69999999999999, -83.69999999999999, -35.7, -32.2, -32.7, -88.69999999999999, -38.7, -35.2, -30.700000000000006, -34.9, -82.69999999999999, -28.700000000000006, -37.4, -80.69999999999999, -61.6, -33.0, -75.7, -85.69999999999999, -38.6, -82.69999999999999, -87.69999999999999, -86.3, -84.69999999999999, -37.7, -39.2, -35.7, -65.7, -22.700000000000003, -50.7, -27.4, -78.69999999999999, -83.9, -33.7, -36.7, -87.3, -80.69999999999999, -85.69999999999999, -35.6, -35.4, -31.9, -81.69999999999999, -34.7, -60.7, -84.8, -86.0, -24.700000000000006, -85.69999999999999, -84.69999999999999, -34.7, -83.6, -78.69999999999999, -85.4, -35.7, -62.7, -36.7, -26.700000000000006, -51.7, -61.6, -35.7, -35.400000000000006, -84.4, -26.5, -89.69999999999999, -37.6, -37.70000000000001, -82.69999999999999, -34.7, -32.7, -81.69999999999999, -31.700000000000003, -30.8, -52.7, -84.0, -35.3, -83.69999999999999, -80.2, -80.69999999999999, -84.69999999999999, -83.69999999999999, -48.7, -83.69999999999999, -83.69999999999999, -30.700000000000003, -34.6, -25.700000000000006, -32.9, -61.1, -82.2, -29.700000000000006, -83.69999999999999, -35.2, -82.69999999999999, -84.1, -37.6, -59.7, -41.7, -36.7, -34.7, -84.69999999999999, -29.700000000000006, -79.69999999999999, -34.7, -77.7, -85.69999999999999, -39.70000000000001, -35.7, -62.7, -38.70000000000001, -73.4, -82.69999999999999, -36.3, -82.69999999999999, -84.0, -85.69999999999999, -29.699999999999996, -84.69999999999999]","[19, 19, 19, 19, 19, 19, 19, 19, 19, 19, 19, 19, 19, 19, 19, 19, 19, 19, 19, 19, 19, 19, 19, 19, 19, 19, 19, 19, 19, 19, 19, 19, 19, 19, 19, 19, 19, 19, 19, 19, 19, 19, 19, 19, 19, 19, 19, 19, 19, 19, 19, 19, 19, 19, 19, 19, 19, 19, 19, 19, 19, 19, 19, 19, 19, 19, 19, 19, 19, 19, 19, 19, 19, 19, 19, 19, 19, 19, 19, 19, 19, 19, 19, 19, 19, 19, 19, 19, 19, 19, 19, 19, 19, 19, 19, 19, 19, 19, 19, 19, 19, 19, 19, 19, 19, 19, 19, 19, 19, 19, 19, 19, 19, 19, 19, 19, 19, 19, 19, 19, 19, 19, 19, 19, 19, 19, 19, 19, 19, 19, 19, 19, 19, 19, 19, 19, 19, 19, 19, 19, 19, 19, 19, 19, 19, 19, 19, 19, 19, 19, 19, 19, 19, 19, 19, 19, 19, 19, 19, 19, 19, 19, 19, 19, 19, 19, 19, 19, 19, 19, 19, 19, 19, 19, 19, 19, 19, 19, 19, 19, 19, 19, 19, 19, 19, 19, 19, 19, 19, 19, 19, 19, 19, 19, 19, 19, 19, 19, 19, 19, 19, 19, 19, 19, 19, 19, 19, 19, 19, 19, 19, 19]",2.367366796014072,1.268444360345081,0.09069131172519512,4.173677215452256,0.0,9114.4,438.866,0.314,12738964.313,2122.746,1884.352,1.981,8000,8000,8000,8000,51.013333333333335,61.60000000000001,0.30000001192092896,9.999999747378752e-05,1072.7177,-0.023903074,1072.7358,-0.0051907077,0.019056395,3.6719184,0.0
-16.7,-88.6,-53.58076923076923,19.0,208,4,12000,0,12000,False,628,3,6cd82_00000,d61d83360e114d8abd2fa101b65b1a0c,2022-01-19_13-27-29,1642598849,10.714585065841675,31.092005252838135,44232,MAC-ATI0602,127.0.0.1,31.092005252838135,0,3,"[-35.7, -75.7, -28.700000000000003, -37.1, -75.7, -38.7, -21.700000000000003, -36.1, -32.7, -87.69999999999999, -34.2, -34.60000000000001, -35.7, -58.9, -82.69999999999999, -76.1, -85.69999999999999, -34.8, -84.3, -81.69999999999999, -35.5, -34.3, -35.0, -30.700000000000003, -27.700000000000006, -61.3, -25.299999999999997, -83.2, -37.3, -86.69999999999999, -26.500000000000004, -37.7, -30.700000000000006, -79.69999999999999, -76.69999999999999, -31.700000000000006, -32.099999999999994, -82.69999999999999, -85.69999999999999, -29.0, -33.7, -33.7, -34.7, -79.69999999999999, -85.3, -84.69999999999999, -57.7, -33.6, -32.7, -83.5, -84.5, -30.700000000000006, -86.7, -84.0, -40.70000000000001, -84.69999999999999, -32.7, -30.700000000000006, -31.700000000000003, -32.7, -82.69999999999999, -80.4, -36.7, -81.69999999999999, -45.7, -65.7, -83.69999999999999, -84.5, -17.7, -81.4, -80.2, -31.700000000000006, -82.69999999999999, -79.69999999999999, -36.7, -74.69999999999999, -80.69999999999999, -29.2, -73.7, -83.69999999999999, -35.7, -34.7, -69.7, -58.6, -38.8, -32.3, -33.400000000000006, -81.69999999999999, -63.3, -80.69999999999999, -36.70000000000001, -86.69999999999999, -36.6, -83.69999999999999, -80.69999999999999, -40.7, -31.700000000000003, -33.70000000000001, -46.1, -82.7, -56.4, -28.700000000000006, -35.7, -34.7, -43.7, -30.5, -30.600000000000005, -26.700000000000006, -82.69999999999999, -83.5, -27.700000000000006, -31.700000000000006, -48.7, -81.7, -33.4, -82.69999999999999, -34.7, -34.7, -63.4, -23.700000000000003, -83.4, -82.69999999999999, -84.69999999999999, -36.7, -30.700000000000006, -36.7, -24.700000000000006, -88.6, -30.700000000000006, -83.69999999999999, -36.7, -35.7, -86.69999999999999, -29.700000000000006, -82.69999999999999, -58.7, -34.7, -87.69999999999999, -35.4, -86.69999999999999, -31.600000000000005, -87.5, -20.3, -32.7, -20.700000000000003, -62.6, -27.299999999999997, -33.4, -84.7, -29.3, -38.8, -41.6, -30.700000000000006, -86.69999999999999, -34.7, -35.3, -31.700000000000003, -83.3, -79.69999999999999, -88.3, -27.700000000000006, -86.8, -31.700000000000003, -34.7, -83.69999999999999, -39.70000000000001, -75.7, -83.69999999999999, -34.7, -36.4, -35.70000000000001, -83.69999999999999, -23.700000000000006, -84.69999999999999, -77.69999999999999, -83.69999999999999, -86.9, -81.2, -31.6, -84.69999999999999, -34.3, -31.3, -69.69999999999999, -36.7, -16.7, -84.69999999999999, -24.700000000000003, -38.7, -24.700000000000003, -74.7, -33.7, -83.69999999999999, -31.700000000000006, -77.69999999999999, -62.7, -35.7, -32.4, -17.699999999999996, -33.7, -81.69999999999999, -34.7, -82.69999999999999, -72.3, -30.700000000000006, -34.5, -26.700000000000006, -39.7, -86.6]","[19, 19, 19, 19, 19, 19, 19, 19, 19, 19, 19, 19, 19, 19, 19, 19, 19, 19, 19, 19, 19, 19, 19, 19, 19, 19, 19, 19, 19, 19, 19, 19, 19, 19, 19, 19, 19, 19, 19, 19, 19, 19, 19, 19, 19, 19, 19, 19, 19, 19, 19, 19, 19, 19, 19, 19, 19, 19, 19, 19, 19, 19, 19, 19, 19, 19, 19, 19, 19, 19, 19, 19, 19, 19, 19, 19, 19, 19, 19, 19, 19, 19, 19, 19, 19, 19, 19, 19, 19, 19, 19, 19, 19, 19, 19, 19, 19, 19, 19, 19, 19, 19, 19, 19, 19, 19, 19, 19, 19, 19, 19, 19, 19, 19, 19, 19, 19, 19, 19, 19, 19, 19, 19, 19, 19, 19, 19, 19, 19, 19, 19, 19, 19, 19, 19, 19, 19, 19, 19, 19, 19, 19, 19, 19, 19, 19, 19, 19, 19, 19, 19, 19, 19, 19, 19, 19, 19, 19, 19, 19, 19, 19, 19, 19, 19, 19, 19, 19, 19, 19, 19, 19, 19, 19, 19, 19, 19, 19, 19, 19, 19, 19, 19, 19, 19, 19, 19, 19, 19, 19, 19, 19, 19, 19, 19, 19, 19, 19, 19, 19, 19, 19, 19, 19, 19, 19, 19, 19]",2.3903610983597203,1.2880724217644615,0.09215922802140497,4.259547981489741,0.0,9652.146,414.416,0.333,12012326.492,2143.869,1865.786,2.127,12000,12000,12000,12000,49.47333333333334,61.57333333333334,0.30000001192092896,9.999999747378752e-05,638.77716,-0.031032259,638.8012,-0.0030433068,0.023378586,3.6204202,0.0
-20.7,-89.3,-47.910377358490564,19.0,212,4,16000,0,16000,False,840,4,6cd82_00000,d61d83360e114d8abd2fa101b65b1a0c,2022-01-19_13-27-40,1642598860,10.954905986785889,42.04691123962402,44232,MAC-ATI0602,127.0.0.1,42.04691123962402,0,4,"[-51.7, -36.7, -41.6, -27.700000000000006, -31.700000000000006, -36.70000000000001, -35.7, -32.7, -30.5, -31.600000000000005, -30.700000000000006, -31.5, -41.1, -33.9, -56.6, -32.7, -28.700000000000006, -33.7, -54.0, -60.6, -32.5, -36.7, -32.7, -89.3, -80.2, -28.4, -83.69999999999999, -31.4, -82.4, -34.7, -34.7, -74.7, -28.700000000000006, -80.69999999999999, -85.69999999999999, -79.4, -78.69999999999999, -74.7, -34.7, -26.700000000000003, -30.700000000000006, -79.0, -31.700000000000006, -53.7, -76.69999999999999, -32.7, -31.5, -27.3, -50.7, -34.50000000000001, -32.7, -75.5, -32.60000000000001, -59.6, -26.700000000000006, -32.8, -44.3, -86.4, -81.69999999999999, -78.2, -35.8, -53.7, -33.7, -31.700000000000006, -34.7, -87.2, -33.2, -32.60000000000001, -31.700000000000006, -85.2, -85.2, -33.7, -52.3, -43.7, -29.700000000000006, -36.0, -79.69999999999999, -29.3, -88.69999999999999, -40.6, -81.69999999999999, -36.400000000000006, -63.7, -36.7, -34.4, -34.70000000000001, -82.2, -57.7, -26.4, -31.6, -30.700000000000006, -33.7, -31.700000000000006, -32.6, -37.199999999999996, -83.69999999999999, -81.6, -39.4, -62.7, -35.6, -33.0, -28.2, -58.7, -36.7, -32.70000000000001, -41.6, -37.70000000000001, -83.5, -53.7, -82.9, -32.60000000000001, -75.7, -36.2, -71.6, -33.7, -35.7, -22.700000000000003, -25.600000000000005, -20.7, -30.2, -33.9, -80.69999999999999, -61.099999999999994, -41.7, -84.69999999999999, -78.2, -37.7, -37.70000000000001, -58.400000000000006, -75.69999999999999, -32.9, -82.7, -85.5, -32.1, -39.2, -27.500000000000004, -33.9, -83.69999999999999, -33.7, -32.0, -31.700000000000003, -61.2, -77.69999999999999, -59.4, -32.7, -31.70000000000001, -85.7, -34.2, -39.9, -84.69999999999999, -36.7, -29.600000000000005, -84.69999999999999, -33.7, -82.69999999999999, -35.099999999999994, -32.3, -30.7, -64.6, -35.7, -86.69999999999999, -79.69999999999999, -27.700000000000006, -23.6, -28.600000000000005, -83.3, -72.4, -50.7, -34.2, -28.8, -32.4, -31.6, -86.69999999999999, -34.7, -77.69999999999999, -78.69999999999999, -29.2, -35.7, -34.7, -35.8, -29.700000000000006, -85.69999999999999, -35.5, -29.700000000000006, -30.2, -35.3, -24.700000000000006, -34.70000000000001, -31.3, -31.700000000000006, -53.7, -27.6, -33.0, -34.7, -27.6, -35.7, -84.4, -51.7, -27.700000000000006, -79.69999999999999, -35.7, -28.3, -35.7, -32.9, -30.700000000000006, -35.7, -59.3, -79.4, -35.7, -31.700000000000006, -85.6, -75.4]","[19, 19, 19, 19, 19, 19, 19, 19, 19, 19, 19, 19, 19, 19, 19, 19, 19, 19, 19, 19, 19, 19, 19, 19, 19, 19, 19, 19, 19, 19, 19, 19, 19, 19, 19, 19, 19, 19, 19, 19, 19, 19, 19, 19, 19, 19, 19, 19, 19, 19, 19, 19, 19, 19, 19, 19, 19, 19, 19, 19, 19, 19, 19, 19, 19, 19, 19, 19, 19, 19, 19, 19, 19, 19, 19, 19, 19, 19, 19, 19, 19, 19, 19, 19, 19, 19, 19, 19, 19, 19, 19, 19, 19, 19, 19, 19, 19, 19, 19, 19, 19, 19, 19, 19, 19, 19, 19, 19, 19, 19, 19, 19, 19, 19, 19, 19, 19, 19, 19, 19, 19, 19, 19, 19, 19, 19, 19, 19, 19, 19, 19, 19, 19, 19, 19, 19, 19, 19, 19, 19, 19, 19, 19, 19, 19, 19, 19, 19, 19, 19, 19, 19, 19, 19, 19, 19, 19, 19, 19, 19, 19, 19, 19, 19, 19, 19, 19, 19, 19, 19, 19, 19, 19, 19, 19, 19, 19, 19, 19, 19, 19, 19, 19, 19, 19, 19, 19, 19, 19, 19, 19, 19, 19, 19, 19, 19, 19, 19, 19, 19, 19, 19, 19, 19, 19, 19, 19, 19, 19, 19, 19, 19]",2.4434609342831064,1.315424708061533,0.09399119152840422,4.362607756068605,0.0,10042.297,398.315,0.335,11949584.046,2097.514,1907.02,2.078,16000,16000,16000,16000,51.53125,61.60625,0.44999998807907104,9.999999747378752e-05,456.8732,-0.028606785,456.8945,-0.0030544573,0.01627294,3.5649178,0.0
-16.3,-91.7,-41.6872641509434,19.0,212,4,20000,0,20000,False,1052,5,6cd82_00000,d61d83360e114d8abd2fa101b65b1a0c,2022-01-19_13-27-51,1642598871,10.531001806259155,52.57791304588318,44232,MAC-ATI0602,127.0.0.1,52.57791304588318,0,5,"[-59.3, -83.6, -72.7, -33.0, -27.5, -35.7, -28.7, -82.9, -34.5, -32.7, -33.4, -50.6, -30.700000000000003, -37.7, -32.7, -26.700000000000006, -20.2, -38.8, -33.70000000000001, -24.700000000000006, -31.2, -61.6, -25.7, -28.5, -36.7, -37.6, -36.7, -36.7, -82.69999999999999, -29.099999999999998, -34.8, -32.5, -61.2, -33.8, -31.7, -33.9, -35.1, -31.700000000000006, -28.700000000000006, -26.700000000000006, -35.7, -35.3, -37.7, -29.700000000000006, -37.9, -84.2, -21.700000000000003, -27.700000000000006, -34.7, -24.700000000000006, -85.4, -33.70000000000001, -32.2, -27.1, -52.5, -24.700000000000003, -26.700000000000006, -79.69999999999999, -84.6, -31.700000000000003, -33.5, -28.5, -37.7, -81.69999999999999, -29.700000000000006, -73.69999999999999, -29.700000000000006, -73.8, -24.0, -48.7, -29.6, -37.0, -83.69999999999999, -79.6, -35.3, -27.600000000000005, -36.7, -32.6, -35.199999999999996, -42.9, -59.3, -57.5, -35.7, -29.5, -34.6, -30.6, -22.700000000000003, -34.5, -31.700000000000006, -33.099999999999994, -20.7, -35.7, -18.7, -29.6, -72.69999999999999, -33.8, -34.60000000000001, -16.3, -80.5, -23.9, -77.4, -35.7, -81.8, -34.6, -26.700000000000006, -37.0, -44.7, -33.7, -32.70000000000001, -35.7, -36.4, -25.700000000000006, -83.3, -38.4, -35.3, -28.700000000000006, -34.7, -84.69999999999999, -82.5, -32.4, -24.700000000000003, -36.2, -31.70000000000001, -16.7, -29.700000000000006, -35.3, -29.9, -84.69999999999999, -35.1, -32.70000000000001, -57.099999999999994, -31.700000000000006, -27.500000000000004, -63.7, -29.700000000000006, -35.7, -24.4, -26.700000000000006, -33.70000000000001, -91.7, -29.700000000000006, -33.7, -33.3, -26.700000000000006, -37.70000000000001, -77.2, -37.5, -86.1, -31.700000000000003, -28.700000000000006, -29.700000000000006, -29.700000000000006, -24.3, -84.69999999999999, -24.6, -31.700000000000006, -27.700000000000003, -73.1, -82.2, -40.199999999999996, -28.2, -30.7, -34.7, -30.6, -35.2, -75.6, -29.700000000000003, -24.3, -32.7, -86.69999999999999, -26.9, -23.8, -69.3, -35.1, -34.7, -26.099999999999998, -33.4, -35.5, -30.700000000000006, -87.4, -31.700000000000003, -26.2, -37.400000000000006, -31.600000000000005, -31.700000000000006, -83.2, -72.9, -30.2, -54.4, -55.7, -28.7, -28.700000000000006, -33.7, -26.8, -32.6, -33.7, -83.0, -58.4, -26.6, -36.6, -36.099999999999994, -33.7, -83.2, -86.5, -76.7, -40.0, -24.8, -36.5, -35.5, -32.0, -32.7, -33.1]","[19, 19, 19, 19, 19, 19, 19, 19, 19, 19, 19, 19, 19, 19, 19, 19, 19, 19, 19, 19, 19, 19, 19, 19, 19, 19, 19, 19, 19, 19, 19, 19, 19, 19, 19, 19, 19, 19, 19, 19, 19, 19, 19, 19, 19, 19, 19, 19, 19, 19, 19, 19, 19, 19, 19, 19, 19, 19, 19, 19, 19, 19, 19, 19, 19, 19, 19, 19, 19, 19, 19, 19, 19, 19, 19, 19, 19, 19, 19, 19, 19, 19, 19, 19, 19, 19, 19, 19, 19, 19, 19, 19, 19, 19, 19, 19, 19, 19, 19, 19, 19, 19, 19, 19, 19, 19, 19, 19, 19, 19, 19, 19, 19, 19, 19, 19, 19, 19, 19, 19, 19, 19, 19, 19, 19, 19, 19, 19, 19, 19, 19, 19, 19, 19, 19, 19, 19, 19, 19, 19, 19, 19, 19, 19, 19, 19, 19, 19, 19, 19, 19, 19, 19, 19, 19, 19, 19, 19, 19, 19, 19, 19, 19, 19, 19, 19, 19, 19, 19, 19, 19, 19, 19, 19, 19, 19, 19, 19, 19, 19, 19, 19, 19, 19, 19, 19, 19, 19, 19, 19, 19, 19, 19, 19, 19, 19, 19, 19, 19, 19, 19, 19, 19, 19, 19, 19, 19, 19, 19, 19, 19, 19]",2.433290400044534,1.312565896492485,0.09383011808206596,4.3651842041221585,0.0,10136.428,394.616,0.334,11990577.473,2078.386,1924.57,2.029,20000,20000,20000,20000,48.25333333333333,61.70666666666669,0.44999998807907104,9.999999747378752e-05,383.26862,-0.02248388,383.28296,-0.0012116599,0.0180354,3.5075006,0.0
-18.6,-88.2,-36.71971153846154,19.0,208,4,24000,0,24000,False,1260,6,6cd82_00000,d61d83360e114d8abd2fa101b65b1a0c,2022-01-19_13-28-02,1642598882,11.265084981918335,63.842998027801514,44232,MAC-ATI0602,127.0.0.1,63.842998027801514,0,6,"[-34.7, -34.9, -72.5, -26.700000000000006, -30.400000000000002, -39.2, -28.2, -29.799999999999997, -36.7, -30.8, -30.700000000000006, -35.0, -33.0, -25.9, -37.7, -36.7, -24.700000000000006, -29.7, -33.7, -32.70000000000001, -37.7, -28.9, -29.4, -31.0, -28.700000000000006, -35.7, -32.7, -33.6, -28.700000000000006, -31.9, -25.700000000000003, -30.2, -25.700000000000006, -38.099999999999994, -36.2, -28.9, -80.69999999999999, -30.3, -30.400000000000002, -23.6, -24.700000000000003, -34.60000000000001, -30.700000000000006, -35.7, -28.6, -31.4, -28.700000000000003, -49.7, -84.4, -36.6, -77.5, -35.7, -31.400000000000002, -35.8, -32.7, -32.4, -31.7, -28.0, -86.69999999999999, -33.5, -27.700000000000006, -80.9, -41.70000000000001, -28.9, -30.700000000000006, -37.8, -37.7, -31.700000000000006, -35.7, -34.4, -29.700000000000006, -32.7, -29.500000000000007, -22.6, -30.700000000000006, -33.3, -25.700000000000006, -43.4, -34.7, -27.0, -32.1, -19.7, -31.600000000000005, -26.700000000000003, -56.9, -32.2, -29.700000000000006, -37.7, -20.6, -30.700000000000003, -29.2, -22.700000000000003, -78.69999999999999, -34.7, -36.7, -72.9, -73.7, -31.9, -21.7, -31.5, -78.69999999999999, -30.1, -77.2, -31.700000000000006, -29.700000000000003, -35.0, -25.700000000000006, -39.7, -34.2, -30.7, -23.7, -30.7, -25.7, -27.700000000000003, -20.700000000000003, -27.700000000000006, -31.700000000000006, -32.5, -35.7, -36.7, -88.2, -26.8, -22.2, -32.0, -33.5, -33.7, -34.7, -29.4, -35.7, -28.700000000000006, -37.2, -38.4, -70.4, -38.1, -21.5, -55.3, -32.9, -26.700000000000006, -48.7, -37.0, -31.70000000000001, -26.700000000000006, -36.5, -28.6, -24.5, -32.6, -32.7, -37.099999999999994, -30.700000000000006, -36.70000000000001, -31.700000000000006, -34.7, -30.400000000000002, -59.4, -59.7, -18.6, -33.7, -26.4, -35.7, -30.8, -34.2, -39.7, -20.700000000000003, -38.4, -31.700000000000006, -27.400000000000002, -84.69999999999999, -80.69999999999999, -29.6, -38.7, -33.7, -30.700000000000006, -38.2, -30.700000000000006, -33.3, -28.2, -32.70000000000001, -29.9, -56.6, -30.4, -34.60000000000001, -75.9, -35.2, -34.8, -33.60000000000001, -31.700000000000006, -82.69999999999999, -35.4, -34.400000000000006, -25.700000000000003, -26.3, -34.300000000000004, -33.7, -37.7, -36.70000000000001, -33.6, -80.69999999999999, -26.6, -30.3, -29.700000000000003, -34.70000000000001, -84.4, -34.7, -24.700000000000003, -25.700000000000003, -36.5, -33.6, -33.7]","[19, 19, 19, 19, 19, 19, 19, 19, 19, 19, 19, 19, 19, 19, 19, 19, 19, 19, 19, 19, 19, 19, 19, 19, 19, 19, 19, 19, 19, 19, 19, 19, 19, 19, 19, 19, 19, 19, 19, 19, 19, 19, 19, 19, 19, 19, 19, 19, 19, 19, 19, 19, 19, 19, 19, 19, 19, 19, 19, 19, 19, 19, 19, 19, 19, 19, 19, 19, 19, 19, 19, 19, 19, 19, 19, 19, 19, 19, 19, 19, 19, 19, 19, 19, 19, 19, 19, 19, 19, 19, 19, 19, 19, 19, 19, 19, 19, 19, 19, 19, 19, 19, 19, 19, 19, 19, 19, 19, 19, 19, 19, 19, 19, 19, 19, 19, 19, 19, 19, 19, 19, 19, 19, 19, 19, 19, 19, 19, 19, 19, 19, 19, 19, 19, 19, 19, 19, 19, 19, 19, 19, 19, 19, 19, 19, 19, 19, 19, 19, 19, 19, 19, 19, 19, 19, 19, 19, 19, 19, 19, 19, 19, 19, 19, 19, 19, 19, 19, 19, 19, 19, 19, 19, 19, 19, 19, 19, 19, 19, 19, 19, 19, 19, 19, 19, 19, 19, 19, 19, 19, 19, 19, 19, 19, 19, 19, 19, 19, 19, 19, 19, 19, 19, 19, 19, 19, 19, 19]",2.4621654522258067,1.3312117752681631,0.09493666119504783,4.432933178768021,0.0,10320.587,387.575,0.332,12036744.709,2073.426,1929.174,2.029,24000,24000,24000,24000,53.95625,61.712500000000006,0.44999998807907104,9.999999747378752e-05,235.55965,-0.022189088,235.57379,0.08630178,0.017859552,3.4246655,0.0
-18.7,-86.9,-34.22924528301887,19.0,212,4,28000,0,28000,False,1472,7,6cd82_00000,d61d83360e114d8abd2fa101b65b1a0c,2022-01-19_13-28-13,1642598893,10.750816106796265,74.59381413459778,44232,MAC-ATI0602,127.0.0.1,74.59381413459778,0,7,"[-38.7, -27.700000000000006, -36.2, -33.400000000000006, -35.70000000000001, -27.3, -33.7, -35.0, -28.700000000000006, -29.700000000000006, -23.5, -34.7, -28.2, -32.6, -38.70000000000001, -34.099999999999994, -28.7, -28.5, -27.2, -28.70000000000001, -32.60000000000001, -29.700000000000006, -30.0, -36.8, -29.2, -25.6, -29.200000000000003, -42.6, -28.700000000000006, -22.2, -34.7, -28.700000000000006, -22.6, -23.700000000000003, -18.7, -36.7, -34.7, -33.7, -33.0, -21.700000000000006, -29.600000000000005, -34.60000000000001, -31.700000000000006, -34.7, -26.700000000000003, -32.70000000000001, -31.700000000000006, -31.700000000000003, -29.700000000000006, -25.199999999999996, -35.7, -29.700000000000003, -35.7, -59.5, -30.2, -37.6, -27.70000000000001, -33.70000000000001, -34.9, -34.7, -32.2, -33.8, -27.700000000000006, -29.3, -78.69999999999999, -36.70000000000001, -33.9, -26.700000000000006, -30.700000000000006, -33.3, -32.2, -36.7, -30.6, -31.2, -24.700000000000003, -30.700000000000006, -32.7, -32.2, -23.3, -24.2, -19.2, -29.700000000000006, -27.4, -26.5, -30.3, -85.69999999999999, -33.7, -31.7, -28.700000000000006, -30.700000000000003, -27.700000000000003, -25.700000000000006, -29.5, -32.0, -31.0, -31.70000000000001, -29.4, -35.7, -23.700000000000003, -81.69999999999999, -26.700000000000006, -61.3, -18.8, -28.6, -32.7, -31.300000000000004, -25.2, -81.69999999999999, -19.700000000000003, -37.7, -35.7, -34.7, -34.2, -27.700000000000006, -33.2, -33.70000000000001, -75.69999999999999, -46.7, -22.700000000000006, -84.7, -35.7, -28.700000000000006, -36.9, -33.3, -36.70000000000001, -31.600000000000005, -33.7, -27.3, -57.5, -27.6, -36.7, -44.3, -24.700000000000003, -37.3, -26.3, -34.7, -82.69999999999999, -33.7, -32.4, -39.70000000000001, -86.9, -33.7, -32.8, -39.70000000000001, -25.700000000000003, -28.700000000000006, -26.700000000000006, -27.500000000000004, -28.9, -31.1, -22.700000000000003, -25.799999999999997, -29.9, -30.700000000000006, -36.7, -84.7, -36.70000000000001, -32.9, -27.700000000000006, -27.600000000000005, -28.700000000000006, -33.5, -28.9, -33.7, -35.5, -20.700000000000003, -64.6, -38.7, -33.70000000000001, -34.0, -37.7, -37.099999999999994, -37.7, -28.700000000000003, -28.2, -37.6, -75.7, -20.700000000000003, -59.8, -29.700000000000006, -31.600000000000005, -35.7, -24.600000000000005, -26.600000000000005, -41.6, -34.7, -29.700000000000006, -36.6, -32.7, -27.2, -27.700000000000003, -30.4, -23.4, -32.7, -29.4, -38.7, -37.300000000000004, -23.700000000000006, -43.7, -32.70000000000001, -25.700000000000003, -34.70000000000001, -32.7, -28.700000000000006, -31.70000000000001, -35.7, -35.6, -30.6, -30.700000000000006, -25.700000000000003, -25.5, -35.7]","[19, 19, 19, 19, 19, 19, 19, 19, 19, 19, 19, 19, 19, 19, 19, 19, 19, 19, 19, 19, 19, 19, 19, 19, 19, 19, 19, 19, 19, 19, 19, 19, 19, 19, 19, 19, 19, 19, 19, 19, 19, 19, 19, 19, 19, 19, 19, 19, 19, 19, 19, 19, 19, 19, 19, 19, 19, 19, 19, 19, 19, 19, 19, 19, 19, 19, 19, 19, 19, 19, 19, 19, 19, 19, 19, 19, 19, 19, 19, 19, 19, 19, 19, 19, 19, 19, 19, 19, 19, 19, 19, 19, 19, 19, 19, 19, 19, 19, 19, 19, 19, 19, 19, 19, 19, 19, 19, 19, 19, 19, 19, 19, 19, 19, 19, 19, 19, 19, 19, 19, 19, 19, 19, 19, 19, 19, 19, 19, 19, 19, 19, 19, 19, 19, 19, 19, 19, 19, 19, 19, 19, 19, 19, 19, 19, 19, 19, 19, 19, 19, 19, 19, 19, 19, 19, 19, 19, 19, 19, 19, 19, 19, 19, 19, 19, 19, 19, 19, 19, 19, 19, 19, 19, 19, 19, 19, 19, 19, 19, 19, 19, 19, 19, 19, 19, 19, 19, 19, 19, 19, 19, 19, 19, 19, 19, 19, 19, 19, 19, 19, 19, 19, 19, 19, 19, 19, 19, 19, 19, 19, 19, 19]",2.452799072096713,1.32463311590547,0.09453648278550103,4.418005646679881,0.0,10341.651,386.785,0.33,12136045.469,2114.061,1892.093,2.063,28000,28000,28000,28000,50.39333333333333,61.62666666666668,0.44999998807907104,9.999999747378752e-05,136.16307,-0.02828388,136.18224,0.38340324,0.02022867,3.3329859,0.0
-16.4,-82.69999999999999,-31.089622641509433,19.0,212,4,32000,0,32000,False,1684,8,6cd82_00000,d61d83360e114d8abd2fa101b65b1a0c,2022-01-19_13-28-24,1642598904,11.16237998008728,85.75619411468506,44232,MAC-ATI0602,127.0.0.1,85.75619411468506,0,8,"[-31.700000000000006, -31.400000000000002, -24.6, -34.7, -25.700000000000003, -27.4, -33.8, -31.4, -20.4, -32.8, -34.60000000000001, -37.7, -25.700000000000006, -25.700000000000003, -27.3, -32.9, -32.7, -22.700000000000006, -37.0, -35.70000000000001, -32.7, -35.6, -31.700000000000003, -26.700000000000006, -33.7, -34.7, -23.500000000000004, -33.7, -25.700000000000006, -38.70000000000001, -21.700000000000003, -32.7, -25.600000000000005, -35.7, -37.7, -24.799999999999997, -30.5, -24.700000000000006, -33.7, -35.7, -19.700000000000003, -26.799999999999997, -30.700000000000006, -29.700000000000006, -30.700000000000006, -30.700000000000006, -25.6, -30.6, -28.700000000000006, -28.600000000000005, -26.3, -21.700000000000003, -24.700000000000003, -35.60000000000001, -31.70000000000001, -26.700000000000006, -37.70000000000001, -29.2, -28.700000000000006, -37.7, -36.7, -48.2, -81.3, -31.700000000000006, -32.2, -30.2, -27.9, -28.700000000000006, -29.700000000000006, -35.9, -39.9, -33.9, -32.3, -30.700000000000006, -27.6, -32.60000000000001, -37.7, -36.2, -26.5, -23.700000000000003, -23.700000000000006, -31.700000000000006, -23.4, -28.700000000000006, -26.700000000000006, -34.9, -26.700000000000006, -33.2, -35.3, -45.3, -28.6, -29.700000000000006, -22.700000000000003, -33.400000000000006, -37.8, -32.7, -26.700000000000006, -23.700000000000006, -33.2, -26.6, -28.700000000000006, -28.700000000000006, -21.700000000000006, -36.8, -34.7, -26.5, -31.70000000000001, -31.400000000000006, -38.2, -30.4, -35.3, -32.7, -28.6, -33.1, -29.7, -34.8, -31.7, -32.6, -32.0, -31.700000000000006, -27.700000000000006, -24.0, -36.7, -26.5, -16.4, -28.700000000000006, -28.700000000000006, -72.2, -30.70000000000001, -29.70000000000001, -34.70000000000001, -38.70000000000001, -28.700000000000006, -24.700000000000006, -28.700000000000006, -17.2, -23.700000000000003, -34.6, -32.7, -33.70000000000001, -31.2, -28.700000000000006, -32.4, -31.2, -23.700000000000003, -82.69999999999999, -30.700000000000006, -36.3, -29.400000000000002, -26.700000000000003, -32.7, -23.6, -30.5, -26.700000000000006, -35.7, -30.600000000000005, -21.700000000000003, -23.700000000000003, -26.700000000000006, -24.700000000000006, -28.0, -55.7, -36.3, -33.70000000000001, -29.6, -32.7, -31.700000000000006, -31.700000000000006, -29.700000000000006, -24.700000000000006, -23.099999999999998, -24.799999999999997, -35.70000000000001, -24.0, -35.70000000000001, -36.5, -34.70000000000001, -31.9, -36.6, -29.700000000000006, -36.5, -29.700000000000006, -35.7, -28.5, -26.3, -36.9, -37.70000000000001, -28.0, -26.700000000000006, -35.0, -25.700000000000006, -20.3, -28.3, -26.700000000000006, -31.799999999999997, -25.700000000000003, -25.700000000000006, -23.700000000000006, -32.7, -38.2, -31.700000000000006, -24.7, -28.8, -33.7, -33.7, -25.600000000000005, -27.700000000000006, -54.70000000000001, -23.2, -20.700000000000003, -22.700000000000003, -22.700000000000003]","[19, 19, 19, 19, 19, 19, 19, 19, 19, 19, 19, 19, 19, 19, 19, 19, 19, 19, 19, 19, 19, 19, 19, 19, 19, 19, 19, 19, 19, 19, 19, 19, 19, 19, 19, 19, 19, 19, 19, 19, 19, 19, 19, 19, 19, 19, 19, 19, 19, 19, 19, 19, 19, 19, 19, 19, 19, 19, 19, 19, 19, 19, 19, 19, 19, 19, 19, 19, 19, 19, 19, 19, 19, 19, 19, 19, 19, 19, 19, 19, 19, 19, 19, 19, 19, 19, 19, 19, 19, 19, 19, 19, 19, 19, 19, 19, 19, 19, 19, 19, 19, 19, 19, 19, 19, 19, 19, 19, 19, 19, 19, 19, 19, 19, 19, 19, 19, 19, 19, 19, 19, 19, 19, 19, 19, 19, 19, 19, 19, 19, 19, 19, 19, 19, 19, 19, 19, 19, 19, 19, 19, 19, 19, 19, 19, 19, 19, 19, 19, 19, 19, 19, 19, 19, 19, 19, 19, 19, 19, 19, 19, 19, 19, 19, 19, 19, 19, 19, 19, 19, 19, 19, 19, 19, 19, 19, 19, 19, 19, 19, 19, 19, 19, 19, 19, 19, 19, 19, 19, 19, 19, 19, 19, 19, 19, 19, 19, 19, 19, 19, 19, 19, 19, 19, 19, 19, 19, 19, 19, 19, 19, 19]",2.460314763842366,1.3304515386161142,0.09501536866006755,4.443686979291677,0.0,10468.364,382.104,0.331,12079716.317,2123.96,1883.275,2.056,32000,32000,32000,32000,50.95,61.6,0.675000011920929,9.999999747378752e-05,65.86469,-0.018465897,65.87448,0.501926,0.012852743,3.2551014,0.0
-12.3,-57.400000000000006,-28.463461538461537,19.0,208,4,36000,0,36000,False,1892,9,6cd82_00000,d61d83360e114d8abd2fa101b65b1a0c,2022-01-19_13-28-34,1642598914,10.072670936584473,95.82886505126953,44232,MAC-ATI0602,127.0.0.1,95.82886505126953,0,9,"[-22.7, -24.9, -28.70000000000001, -39.300000000000004, -31.700000000000006, -33.7, -21.3, -26.3, -34.2, -29.700000000000006, -23.1, -31.1, -30.9, -33.70000000000001, -26.700000000000006, -33.70000000000001, -28.70000000000001, -27.700000000000006, -34.70000000000001, -29.700000000000006, -21.700000000000003, -32.5, -32.70000000000001, -24.700000000000006, -30.7, -55.7, -33.3, -33.70000000000001, -26.7, -20.700000000000003, -21.7, -32.7, -28.3, -33.2, -37.2, -31.2, -25.700000000000003, -31.700000000000006, -24.700000000000006, -34.8, -22.3, -17.7, -28.6, -32.7, -21.400000000000002, -31.700000000000003, -32.7, -35.5, -37.70000000000001, -19.7, -16.699999999999996, -28.7, -30.700000000000006, -33.7, -35.7, -19.5, -18.700000000000003, -30.3, -27.2, -20.299999999999997, -19.0, -28.700000000000006, -27.799999999999997, -28.700000000000003, -32.7, -24.700000000000003, -25.600000000000005, -27.700000000000006, -16.6, -31.700000000000006, -26.70000000000001, -37.5, -25.3, -26.700000000000006, -25.700000000000006, -22.700000000000006, -20.6, -27.3, -29.6, -29.700000000000006, -24.3, -29.2, -28.700000000000006, -29.4, -26.700000000000006, -30.3, -36.4, -26.700000000000006, -23.600000000000005, -30.700000000000003, -16.699999999999996, -21.700000000000003, -24.700000000000006, -30.700000000000003, -23.700000000000003, -27.600000000000005, -31.700000000000006, -12.3, -30.700000000000006, -28.700000000000006, -26.6, -28.700000000000003, -24.700000000000006, -32.5, -29.700000000000006, -34.7, -29.4, -27.700000000000006, -24.300000000000004, -31.700000000000006, -21.700000000000003, -29.700000000000006, -16.7, -24.3, -34.7, -30.700000000000006, -23.600000000000005, -34.7, -23.7, -18.700000000000003, -25.5, -20.700000000000003, -28.700000000000006, -12.7, -57.400000000000006, -25.700000000000006, -28.700000000000006, -26.700000000000006, -53.5, -18.9, -27.700000000000006, -34.0, -26.700000000000006, -27.9, -35.5, -24.700000000000003, -27.700000000000006, -35.3, -27.4, -15.699999999999996, -34.7, -30.2, -21.700000000000003, -26.799999999999997, -14.699999999999998, -31.700000000000006, -28.700000000000006, -22.2, -35.2, -26.700000000000003, -29.700000000000006, -26.700000000000006, -32.7, -22.700000000000006, -32.70000000000001, -18.0, -31.799999999999997, -22.700000000000003, -28.700000000000006, -24.6, -27.700000000000006, -27.700000000000006, -30.700000000000006, -25.700000000000006, -31.6, -25.5, -37.7, -38.5, -32.60000000000001, -27.1, -25.700000000000006, -26.1, -18.7, -30.700000000000006, -20.6, -30.700000000000006, -35.70000000000001, -20.700000000000003, -22.70000000000001, -32.2, -28.6, -20.5, -35.70000000000001, -30.4, -35.0, -25.500000000000004, -23.2, -35.7, -35.7, -28.5, -28.700000000000006, -37.70000000000001, -28.700000000000006, -32.7, -31.6, -29.700000000000006, -30.600000000000005, -32.7, -24.3, -33.7, -34.7, -26.5, -46.4, -24.799999999999997, -28.700000000000006, -28.5, -27.700000000000006, -35.7]","[19, 19, 19, 19, 19, 19, 19, 19, 19, 19, 19, 19, 19, 19, 19, 19, 19, 19, 19, 19, 19, 19, 19, 19, 19, 19, 19, 19, 19, 19, 19, 19, 19, 19, 19, 19, 19, 19, 19, 19, 19, 19, 19, 19, 19, 19, 19, 19, 19, 19, 19, 19, 19, 19, 19, 19, 19, 19, 19, 19, 19, 19, 19, 19, 19, 19, 19, 19, 19, 19, 19, 19, 19, 19, 19, 19, 19, 19, 19, 19, 19, 19, 19, 19, 19, 19, 19, 19, 19, 19, 19, 19, 19, 19, 19, 19, 19, 19, 19, 19, 19, 19, 19, 19, 19, 19, 19, 19, 19, 19, 19, 19, 19, 19, 19, 19, 19, 19, 19, 19, 19, 19, 19, 19, 19, 19, 19, 19, 19, 19, 19, 19, 19, 19, 19, 19, 19, 19, 19, 19, 19, 19, 19, 19, 19, 19, 19, 19, 19, 19, 19, 19, 19, 19, 19, 19, 19, 19, 19, 19, 19, 19, 19, 19, 19, 19, 19, 19, 19, 19, 19, 19, 19, 19, 19, 19, 19, 19, 19, 19, 19, 19, 19, 19, 19, 19, 19, 19, 19, 19, 19, 19, 19, 19, 19, 19, 19, 19, 19, 19, 19, 19, 19, 19, 19, 19, 19, 19]",2.4421740182173703,1.3200142571375433,0.09435286138894995,4.413264570680145,0.0,10455.88,382.56,0.33,12120319.795,2102.662,1902.351,2.03,36000,36000,36000,36000,46.0,61.62142857142858,0.675000011920929,9.999999747378752e-05,43.214653,-0.030071164,43.235207,0.5280043,0.014104527,3.2466726,0.0
-14.699999999999998,-79.69999999999999,-27.587264150943398,19.0,212,4,40000,0,40000,False,2104,10,6cd82_00000,d61d83360e114d8abd2fa101b65b1a0c,2022-01-19_13-28-44,1642598924,9.709081649780273,105.5379467010498,44232,MAC-ATI0602,127.0.0.1,105.5379467010498,0,10,"[-19.9, -33.70000000000001, -21.700000000000003, -22.5, -30.700000000000006, -22.700000000000003, -32.5, -27.700000000000006, -30.400000000000002, -37.1, -29.500000000000004, -21.299999999999997, -28.9, -30.799999999999997, -23.700000000000003, -34.4, -25.700000000000003, -26.700000000000006, -29.9, -34.70000000000001, -36.70000000000001, -20.700000000000003, -18.7, -20.5, -26.600000000000005, -26.700000000000006, -23.700000000000003, -30.700000000000003, -27.5, -28.700000000000006, -35.2, -29.700000000000006, -21.700000000000006, -14.699999999999998, -29.700000000000006, -27.2, -29.099999999999998, -34.2, -57.4, -23.700000000000003, -31.70000000000001, -20.2, -27.099999999999998, -24.6, -26.5, -33.7, -18.4, -31.2, -47.7, -24.700000000000003, -24.6, -30.70000000000001, -32.7, -22.700000000000006, -18.4, -34.7, -25.700000000000006, -31.2, -17.599999999999998, -29.6, -22.700000000000006, -23.6, -24.3, -17.7, -31.700000000000006, -29.700000000000006, -21.7, -30.700000000000006, -32.7, -24.700000000000006, -24.6, -21.700000000000003, -28.700000000000006, -26.600000000000005, -15.699999999999996, -34.7, -27.7, -16.699999999999996, -21.700000000000006, -24.5, -21.5, -27.9, -26.0, -32.7, -22.6, -18.0, -25.700000000000006, -29.700000000000006, -27.700000000000006, -27.099999999999998, -33.7, -26.0, -27.700000000000003, -24.799999999999997, -20.6, -28.700000000000006, -25.9, -29.0, -18.4, -24.700000000000006, -29.700000000000006, -24.7, -22.5, -21.700000000000006, -24.700000000000006, -26.700000000000006, -24.799999999999997, -32.70000000000001, -37.7, -21.700000000000003, -28.5, -23.3, -27.700000000000006, -22.700000000000006, -26.0, -24.6, -30.2, -33.4, -26.700000000000006, -27.700000000000006, -25.6, -39.7, -21.700000000000003, -28.4, -26.6, -25.700000000000006, -22.700000000000003, -27.700000000000006, -26.700000000000003, -33.7, -24.6, -32.7, -24.700000000000003, -19.700000000000003, -23.700000000000003, -44.2, -28.2, -35.7, -23.700000000000003, -34.7, -33.7, -28.700000000000006, -36.7, -31.700000000000006, -25.6, -19.7, -31.700000000000006, -31.6, -30.70000000000001, -29.700000000000006, -33.099999999999994, -36.0, -35.7, -29.700000000000006, -34.8, -26.700000000000003, -26.6, -19.7, -18.7, -25.2, -16.7, -20.700000000000003, -25.700000000000003, -34.70000000000001, -18.700000000000003, -28.500000000000004, -24.700000000000003, -25.400000000000002, -25.2, -60.7, -22.2, -17.7, -24.700000000000003, -27.4, -29.2, -35.7, -28.700000000000006, -24.700000000000003, -31.400000000000002, -25.700000000000006, -33.7, -30.0, -20.700000000000003, -32.6, -79.69999999999999, -29.700000000000006, -27.6, -34.6, -21.700000000000003, -20.2, -33.400000000000006, -33.5, -17.7, -26.6, -17.699999999999996, -28.0, -21.700000000000003, -24.700000000000006, -16.2, -29.5, -29.2, -24.700000000000003, -17.599999999999998, -24.700000000000003, -18.4, -31.5, -29.799999999999997, -24.5, -30.6, -24.3, -32.7, -36.7]","[19, 19, 19, 19, 19, 19, 19, 19, 19, 19, 19, 19, 19, 19, 19, 19, 19, 19, 19, 19, 19, 19, 19, 19, 19, 19, 19, 19, 19, 19, 19, 19, 19, 19, 19, 19, 19, 19, 19, 19, 19, 19, 19, 19, 19, 19, 19, 19, 19, 19, 19, 19, 19, 19, 19, 19, 19, 19, 19, 19, 19, 19, 19, 19, 19, 19, 19, 19, 19, 19, 19, 19, 19, 19, 19, 19, 19, 19, 19, 19, 19, 19, 19, 19, 19, 19, 19, 19, 19, 19, 19, 19, 19, 19, 19, 19, 19, 19, 19, 19, 19, 19, 19, 19, 19, 19, 19, 19, 19, 19, 19, 19, 19, 19, 19, 19, 19, 19, 19, 19, 19, 19, 19, 19, 19, 19, 19, 19, 19, 19, 19, 19, 19, 19, 19, 19, 19, 19, 19, 19, 19, 19, 19, 19, 19, 19, 19, 19, 19, 19, 19, 19, 19, 19, 19, 19, 19, 19, 19, 19, 19, 19, 19, 19, 19, 19, 19, 19, 19, 19, 19, 19, 19, 19, 19, 19, 19, 19, 19, 19, 19, 19, 19, 19, 19, 19, 19, 19, 19, 19, 19, 19, 19, 19, 19, 19, 19, 19, 19, 19, 19, 19, 19, 19, 19, 19, 19, 19, 19, 19, 19, 19]",2.418254479302512,1.306605302099108,0.09346086971045328,4.372990276798963,0.0,10380.173,385.35,0.329,12165336.814,2089.105,1914.695,2.015,40000,40000,40000,40000,42.971428571428575,61.60714285714287,0.675000011920929,9.999999747378752e-05,53.718746,-0.0343587,53.74384,0.5049251,0.013733171,3.199779,0.0
-12.0,-77.0,-25.418750000000003,19.0,208,4,44000,0,44000,False,2312,11,6cd82_00000,d61d83360e114d8abd2fa101b65b1a0c,2022-01-19_13-28-54,1642598934,9.864925146102905,115.40287184715271,44232,MAC-ATI0602,127.0.0.1,115.40287184715271,0,11,"[-28.700000000000006, -48.0, -22.700000000000003, -21.700000000000006, -26.700000000000003, -33.7, -27.700000000000003, -26.700000000000006, -26.700000000000006, -17.0, -27.700000000000003, -40.7, -20.4, -12.699999999999998, -25.0, -35.5, -22.700000000000003, -17.7, -16.5, -24.700000000000003, -16.7, -27.700000000000006, -19.2, -22.700000000000003, -24.6, -28.3, -23.4, -28.700000000000006, -26.700000000000006, -23.6, -50.7, -36.2, -25.700000000000006, -19.700000000000003, -17.099999999999998, -14.7, -26.600000000000005, -14.2, -16.7, -26.6, -26.700000000000003, -25.700000000000003, -47.7, -33.7, -24.2, -29.7, -22.700000000000006, -24.799999999999997, -32.7, -24.700000000000006, -24.700000000000006, -28.700000000000003, -25.700000000000003, -28.600000000000005, -48.6, -23.5, -25.700000000000006, -17.7, -35.7, -42.7, -28.700000000000006, -29.299999999999997, -22.700000000000006, -22.3, -21.799999999999997, -17.700000000000003, -27.700000000000006, -19.700000000000003, -22.2, -25.700000000000006, -28.700000000000003, -26.700000000000003, -22.299999999999997, -19.7, -18.299999999999997, -28.700000000000006, -31.700000000000006, -20.700000000000006, -22.700000000000003, -20.700000000000003, -77.0, -20.4, -20.700000000000003, -24.700000000000006, -25.099999999999998, -21.700000000000003, -26.799999999999997, -29.7, -18.700000000000003, -26.700000000000006, -26.700000000000006, -21.700000000000003, -25.700000000000006, -18.0, -25.700000000000006, -31.7, -32.2, -26.700000000000006, -20.499999999999996, -28.700000000000006, -12.699999999999998, -33.7, -32.70000000000001, -25.2, -18.7, -29.700000000000006, -21.6, -22.3, -25.9, -29.700000000000006, -22.700000000000003, -28.5, -17.7, -30.700000000000006, -23.700000000000006, -22.700000000000006, -17.7, -29.600000000000005, -38.70000000000001, -27.6, -25.799999999999997, -23.099999999999998, -26.700000000000006, -20.700000000000003, -27.700000000000006, -25.700000000000006, -27.600000000000005, -25.700000000000006, -19.4, -23.700000000000003, -20.2, -29.3, -33.7, -22.700000000000006, -17.7, -19.7, -23.2, -18.4, -16.7, -29.70000000000001, -18.7, -21.0, -16.4, -20.700000000000003, -18.5, -29.3, -28.700000000000006, -22.400000000000002, -20.5, -26.700000000000006, -21.700000000000003, -17.7, -29.700000000000006, -28.099999999999998, -19.7, -28.700000000000006, -17.7, -18.7, -25.600000000000005, -21.700000000000006, -30.600000000000005, -27.2, -23.700000000000006, -22.6, -27.700000000000006, -15.599999999999998, -13.499999999999998, -35.099999999999994, -30.6, -25.9, -31.5, -25.0, -25.2, -12.0, -21.7, -20.9, -22.3, -27.700000000000006, -28.70000000000001, -22.700000000000003, -30.70000000000001, -28.7, -22.700000000000003, -27.700000000000006, -17.699999999999996, -20.6, -22.700000000000003, -28.4, -20.0, -25.700000000000006, -20.700000000000006, -34.70000000000001, -27.700000000000006, -36.7, -24.700000000000006, -28.70000000000001, -17.6, -27.700000000000006, -23.700000000000003, -24.700000000000006, -24.799999999999997, -22.700000000000006, -16.7, -33.3, -34.7, -27.700000000000006, -20.700000000000006, -28.799999999999997]","[19, 19, 19, 19, 19, 19, 19, 19, 19, 19, 19, 19, 19, 19, 19, 19, 19, 19, 19, 19, 19, 19, 19, 19, 19, 19, 19, 19, 19, 19, 19, 19, 19, 19, 19, 19, 19, 19, 19, 19, 19, 19, 19, 19, 19, 19, 19, 19, 19, 19, 19, 19, 19, 19, 19, 19, 19, 19, 19, 19, 19, 19, 19, 19, 19, 19, 19, 19, 19, 19, 19, 19, 19, 19, 19, 19, 19, 19, 19, 19, 19, 19, 19, 19, 19, 19, 19, 19, 19, 19, 19, 19, 19, 19, 19, 19, 19, 19, 19, 19, 19, 19, 19, 19, 19, 19, 19, 19, 19, 19, 19, 19, 19, 19, 19, 19, 19, 19, 19, 19, 19, 19, 19, 19, 19, 19, 19, 19, 19, 19, 19, 19, 19, 19, 19, 19, 19, 19, 19, 19, 19, 19, 19, 19, 19, 19, 19, 19, 19, 19, 19, 19, 19, 19, 19, 19, 19, 19, 19, 19, 19, 19, 19, 19, 19, 19, 19, 19, 19, 19, 19, 19, 19, 19, 19, 19, 19, 19, 19, 19, 19, 19, 19, 19, 19, 19, 19, 19, 19, 19, 19, 19, 19, 19, 19, 19, 19, 19, 19, 19, 19, 19, 19, 19, 19, 19, 19, 19]",2.3990687311004475,1.2972580336536148,0.09287740845927733,4.342879249706949,0.0,10573.45,378.306,0.33,12135418.445,2085.168,1918.31,2.028,44000,44000,44000,44000,43.51428571428572,61.60000000000001,0.675000011920929,9.999999747378752e-05,54.42266,-0.028843012,54.44286,0.41828975,0.012804698,3.1455696,0.0
-12.699999999999998,-55.7,-23.837264150943398,19.0,212,4,48000,0,48000,False,2524,12,6cd82_00000,d61d83360e114d8abd2fa101b65b1a0c,2022-01-19_13-29-04,1642598944,10.301901817321777,125.70477366447449,44232,MAC-ATI0602,127.0.0.1,125.70477366447449,0,12,"[-24.3, -23.700000000000003, -25.700000000000006, -20.700000000000003, -20.700000000000003, -26.700000000000003, -21.700000000000006, -21.7, -18.700000000000003, -28.700000000000003, -31.70000000000001, -35.7, -16.4, -22.3, -19.199999999999996, -22.299999999999997, -15.299999999999999, -31.2, -29.4, -31.6, -28.7, -25.600000000000005, -22.2, -22.4, -17.7, -15.699999999999998, -22.4, -25.70000000000001, -32.7, -33.3, -18.4, -27.70000000000001, -26.5, -19.3, -19.700000000000003, -29.700000000000006, -26.700000000000006, -23.700000000000003, -21.700000000000006, -22.3, -43.3, -15.2, -29.700000000000006, -22.9, -23.4, -20.700000000000003, -20.700000000000003, -15.699999999999998, -24.700000000000006, -21.700000000000003, -27.700000000000006, -17.7, -17.0, -21.7, -28.700000000000006, -12.699999999999998, -27.700000000000006, -25.600000000000005, -24.3, -23.2, -22.8, -23.199999999999996, -18.700000000000003, -28.9, -23.7, -35.5, -18.6, -26.6, -22.5, -22.700000000000003, -18.700000000000003, -27.700000000000006, -33.6, -30.4, -18.7, -22.700000000000003, -22.700000000000003, -28.700000000000006, -20.199999999999996, -20.7, -28.700000000000006, -16.4, -14.699999999999998, -18.700000000000003, -19.7, -23.700000000000003, -22.700000000000006, -18.2, -15.699999999999998, -20.700000000000003, -31.700000000000003, -22.700000000000003, -30.5, -23.700000000000003, -26.4, -55.7, -16.299999999999997, -19.700000000000003, -25.700000000000006, -35.0, -18.5, -25.5, -18.4, -21.7, -21.700000000000003, -13.599999999999998, -24.700000000000003, -16.7, -27.299999999999997, -19.700000000000006, -31.2, -22.700000000000006, -27.3, -24.3, -27.700000000000006, -18.7, -20.700000000000003, -18.700000000000003, -23.700000000000003, -17.7, -16.699999999999996, -20.700000000000003, -19.0, -23.700000000000003, -17.0, -23.700000000000003, -23.700000000000006, -17.7, -15.699999999999998, -16.3, -26.700000000000006, -22.700000000000006, -24.2, -23.3, -27.700000000000006, -25.700000000000006, -24.700000000000006, -22.5, -33.3, -32.3, -21.700000000000003, -26.4, -26.2, -27.2, -18.700000000000003, -17.699999999999996, -23.700000000000006, -26.700000000000006, -18.7, -20.7, -22.199999999999996, -26.700000000000006, -16.699999999999996, -22.4, -28.700000000000006, -30.700000000000006, -25.5, -26.700000000000003, -27.700000000000006, -24.6, -23.700000000000003, -19.700000000000006, -18.700000000000003, -14.699999999999998, -34.4, -23.9, -20.700000000000003, -25.700000000000006, -23.700000000000006, -30.700000000000006, -33.70000000000001, -28.4, -20.700000000000006, -28.4, -16.4, -23.700000000000003, -21.700000000000003, -28.700000000000006, -29.7, -28.700000000000006, -16.700000000000003, -30.2, -26.700000000000006, -50.8, -17.700000000000003, -18.4, -20.0, -15.600000000000001, -21.4, -22.700000000000003, -13.699999999999998, -17.2, -17.7, -28.700000000000006, -20.700000000000003, -21.0, -29.600000000000005, -24.700000000000003, -19.7, -17.7, -20.6, -26.700000000000006, -21.4, -36.3, -33.699999999999996, -29.700000000000006, -27.700000000000006, -14.699999999999998, -26.3, -27.700000000000006, -26.700000000000006, -29.700000000000006]","[19, 19, 19, 19, 19, 19, 19, 19, 19, 19, 19, 19, 19, 19, 19, 19, 19, 19, 19, 19, 19, 19, 19, 19, 19, 19, 19, 19, 19, 19, 19, 19, 19, 19, 19, 19, 19, 19, 19, 19, 19, 19, 19, 19, 19, 19, 19, 19, 19, 19, 19, 19, 19, 19, 19, 19, 19, 19, 19, 19, 19, 19, 19, 19, 19, 19, 19, 19, 19, 19, 19, 19, 19, 19, 19, 19, 19, 19, 19, 19, 19, 19, 19, 19, 19, 19, 19, 19, 19, 19, 19, 19, 19, 19, 19, 19, 19, 19, 19, 19, 19, 19, 19, 19, 19, 19, 19, 19, 19, 19, 19, 19, 19, 19, 19, 19, 19, 19, 19, 19, 19, 19, 19, 19, 19, 19, 19, 19, 19, 19, 19, 19, 19, 19, 19, 19, 19, 19, 19, 19, 19, 19, 19, 19, 19, 19, 19, 19, 19, 19, 19, 19, 19, 19, 19, 19, 19, 19, 19, 19, 19, 19, 19, 19, 19, 19, 19, 19, 19, 19, 19, 19, 19, 19, 19, 19, 19, 19, 19, 19, 19, 19, 19, 19, 19, 19, 19, 19, 19, 19, 19, 19, 19, 19, 19, 19, 19, 19, 19, 19, 19, 19, 19, 19, 19, 19, 19, 19, 19, 19, 19, 19]",2.397206438331741,1.295065275878372,0.09279127528633478,4.338482351822015,0.0,10575.836,378.221,0.332,12047404.854,2067.554,1934.653,2.049,48000,48000,48000,48000,47.02,61.65333333333335,0.675000011920929,9.999999747378752e-05,39.94249,-0.030028205,39.963055,0.4321278,0.014027275,3.0976584,0.0
-11.2,-81.69999999999999,-22.04198113207547,19.0,212,4,52000,0,52000,True,2736,13,6cd82_00000,d61d83360e114d8abd2fa101b65b1a0c,2022-01-19_13-29-14,1642598954,9.826580047607422,135.5313537120819,44232,MAC-ATI0602,127.0.0.1,135.5313537120819,0,13,"[-22.9, -21.700000000000003, -24.700000000000003, -29.70000000000001, -21.0, -18.599999999999998, -23.700000000000006, -16.4, -17.7, -25.700000000000003, -24.600000000000005, -26.700000000000003, -22.700000000000003, -14.699999999999998, -28.700000000000006, -11.2, -11.2, -19.7, -18.700000000000003, -19.4, -25.700000000000003, -16.7, -24.700000000000003, -16.699999999999996, -21.700000000000003, -29.700000000000006, -32.7, -19.4, -17.7, -28.700000000000006, -17.699999999999996, -25.700000000000003, -15.8, -29.700000000000006, -19.7, -22.700000000000006, -21.700000000000003, -23.700000000000003, -24.700000000000006, -18.7, -13.699999999999998, -19.700000000000003, -27.699999999999996, -16.7, -11.699999999999998, -23.700000000000003, -21.700000000000003, -32.2, -18.1, -27.700000000000006, -23.6, -17.7, -21.700000000000003, -19.7, -19.2, -21.6, -14.699999999999998, -38.6, -16.699999999999996, -20.5, -25.5, -19.7, -15.6, -20.700000000000003, -17.7, -26.500000000000004, -15.699999999999998, -29.7, -21.700000000000006, -26.3, -16.699999999999996, -18.700000000000003, -13.699999999999998, -23.700000000000003, -14.699999999999996, -29.700000000000006, -13.699999999999998, -25.70000000000001, -22.700000000000003, -21.3, -15.599999999999998, -14.3, -16.199999999999996, -20.7, -20.7, -20.700000000000003, -16.7, -17.2, -17.3, -13.699999999999998, -13.699999999999998, -29.700000000000003, -17.4, -22.099999999999998, -18.2, -29.700000000000006, -15.700000000000001, -16.7, -23.199999999999996, -21.700000000000006, -32.7, -21.700000000000003, -19.0, -24.700000000000006, -23.700000000000003, -22.600000000000005, -17.7, -22.700000000000006, -21.700000000000006, -20.700000000000003, -16.7, -19.700000000000003, -17.7, -17.2, -19.700000000000003, -29.70000000000001, -32.5, -27.6, -29.7, -23.2, -68.7, -21.3, -20.7, -17.700000000000003, -29.600000000000005, -26.2, -20.3, -14.4, -27.4, -21.700000000000003, -16.7, -23.700000000000003, -19.2, -20.5, -28.700000000000006, -22.099999999999998, -18.7, -14.699999999999998, -22.700000000000003, -26.700000000000006, -25.700000000000006, -17.7, -21.700000000000006, -17.7, -29.700000000000006, -24.700000000000003, -12.699999999999998, -31.6, -16.699999999999996, -20.099999999999998, -24.700000000000006, -12.699999999999998, -20.700000000000006, -21.0, -81.69999999999999, -16.7, -20.700000000000003, -22.5, -13.699999999999996, -23.8, -18.9, -17.7, -24.6, -17.7, -32.4, -19.700000000000003, -19.700000000000006, -20.7, -24.700000000000006, -27.2, -15.699999999999998, -22.6, -24.700000000000003, -20.700000000000006, -15.699999999999998, -20.4, -30.700000000000006, -21.700000000000003, -25.700000000000003, -18.700000000000003, -20.6, -21.5, -16.699999999999996, -22.700000000000006, -26.700000000000003, -24.700000000000003, -18.700000000000003, -28.700000000000006, -18.5, -18.7, -19.0, -15.699999999999998, -22.700000000000003, -26.700000000000006, -24.700000000000006, -35.6, -20.700000000000006, -30.70000000000001, -23.70000000000001, -20.700000000000006, -21.700000000000006, -16.799999999999997, -23.6, -17.699999999999996, -23.700000000000006, -29.7, -25.700000000000003, -16.700000000000003, -22.700000000000006, -20.7, -13.2, -22.700000000000003]","[19, 19, 19, 19, 19, 19, 19, 19, 19, 19, 19, 19, 19, 19, 19, 19, 19, 19, 19, 19, 19, 19, 19, 19, 19, 19, 19, 19, 19, 19, 19, 19, 19, 19, 19, 19, 19, 19, 19, 19, 19, 19, 19, 19, 19, 19, 19, 19, 19, 19, 19, 19, 19, 19, 19, 19, 19, 19, 19, 19, 19, 19, 19, 19, 19, 19, 19, 19, 19, 19, 19, 19, 19, 19, 19, 19, 19, 19, 19, 19, 19, 19, 19, 19, 19, 19, 19, 19, 19, 19, 19, 19, 19, 19, 19, 19, 19, 19, 19, 19, 19, 19, 19, 19, 19, 19, 19, 19, 19, 19, 19, 19, 19, 19, 19, 19, 19, 19, 19, 19, 19, 19, 19, 19, 19, 19, 19, 19, 19, 19, 19, 19, 19, 19, 19, 19, 19, 19, 19, 19, 19, 19, 19, 19, 19, 19, 19, 19, 19, 19, 19, 19, 19, 19, 19, 19, 19, 19, 19, 19, 19, 19, 19, 19, 19, 19, 19, 19, 19, 19, 19, 19, 19, 19, 19, 19, 19, 19, 19, 19, 19, 19, 19, 19, 19, 19, 19, 19, 19, 19, 19, 19, 19, 19, 19, 19, 19, 19, 19, 19, 19, 19, 19, 19, 19, 19, 19, 19, 19, 19, 19, 19]",2.3860797021271827,1.2877618805297237,0.09230274611661532,4.315213353512296,0.0,10483.459,381.553,0.328,12212269.617,2053.751,1947.656,2.003,52000,52000,52000,52000,44.48571428571429,61.61428571428572,0.675000011920929,9.999999747378752e-05,52.50345,-0.027843906,52.521996,0.3577195,0.013769022,3.0415301,0.0
